X,Y,id_sit,iniciat_1,iniciat_2,exp_org,ini_conv,ult_conv,lugar_fisi,territorio,direccion,comuna,cut,orden,plot,long,lat,cod_plus,facebook,instagram,convocator,raciones_n,dato_fte,fecha_ingr,hora_ingre,icon_url
-70.6344271,-33.4539159,1.00000000000,acopio_solidario,cajas_solidarias,Junta de Vecinos El Progreso,0.00000000000,200520.00000000000,Sede Junta de Vecinos El Progreso,Barrio Franklin,Coquimbo 321,Santiago,13101.00000000000,1.00000000000,si,-70.63442710000,-33.45391590000,47RFG9W8+C6,https://www.facebook.com/juntadevecinoselprogresosantiagocentro/,,Solo el pueblo ayuda al pueblo,,Apoya la olla,200525.00000000000,0.00000000000,./0.png
-70.6520864,-33.4569878,2.00000000000,olla_comun,,"Junta de Vecinos Almirante Blanco Encalada; Centro Desarrollo Social y Cultural Rukan; Delisosa Bistro Restaturant",0.00000000000,200524.00000000000,Delisosa Bistro Restaurant,Barrio Matta Norte,Nataniel Cox 886,Santiago,13101.00000000000,2.00000000000,si,-70.65208640000,-33.45698780000,47RFG8VX+65,,,Solo el pueblo ayuda al pueblo,,OllasComunes_Chi_Wall,200525.00000000000,0.00000000000,./0.png
-70.649707,-33.468606,3.00000000000,olla_comun,,Junta de Vecinos Mireya Pinto Millán,0.00000000000,200524.00000000000,Sede Junta de Vecinos Mireya Pinto Millán,Barrio Matta Sur,Zenteno 1695,Santiago,13101.00000000000,3.00000000000,si,-70.64970700000,-33.46860600000,G9J2+G4 Santiago,https://www.facebook.com/pages/category/Cause/Junta-de-Vecinos-Mireya-Pinto-Mill%C3%A1n-1892151077461941/,,Solo el pueblo ayuda al pueblo,,Opal Chile,200524.00000000000,0.00000000000,./0.png
-70.6480464,-33.4506223,4.00000000000,acopio_solidario,,Comité de Organización futura JJVV Parque Almagro,0.00000000000,200526.00000000000,Sede Sindicato,Barrio Parque Almagro,Serrano 444,Santiago,13101.00000000000,4.00000000000,si,-70.64804640000,-33.45062230000,no encontrado,https://www.facebook.com/groups/2673251502788902/,@JVPARQUEALMAGRO,"Quieres unirte a colaborar, donar insumos, o rquieres apoyo. Comunicate!",,,200526.00000000000,2257.00000000000,./0.png
-70.6475645,-33.4684108,5.00000000000,olla_comun,,Vecinos y vecinas organizad@s,0.00000000000,200527.00000000000,Templo Metodista,Barrio Franklin,Sargento Aldea 1041,Santiago,13101.00000000000,5.00000000000,si,-70.64756450000,-33.46841080000,47RFG9J2+JX,https://www.facebook.com/photo.php?fbid=10223755643018395&set=a.10222754712995770&type=3&theater,,"Se repite la Olla Común del Barrio Franklin.Vecino, vecina, amigos y compas juntos en las buenas y en las malas. Solo el pueblo ayuda al pueblo.",,,200527.00000000000,2115.00000000000,./0.png
-70.6467641,-33.4708699,6.00000000000,olla_comun,,Coordinadora Territorial para el Barrio Dingo Intercultural,200527.00000000000,200530.00000000000,Espacio público,Barrio Franklin,General Gana con Arturo Prat,Santiago,13101.00000000000,6.00000000000,si,-70.64676410000,-33.47086990000,47RFG9H3+M7,https://www.facebook.com/543980918987525/photos/pcb.3133845146667743/3133844773334447/?type=3&theater,,"Solo el pueblo ayuda al pueblo. Lunes, miercoles, y viernes, desde las 1300",,OllasComunes_Chi_Wall,200528.00000000000,1224.00000000000,./0.png
-70.6403779,-33.4727163,7.00000000000,olla_comun,,Coordinadora Territorial para el Barrio Dingo Intercultural,200527.00000000000,200530.00000000000,Espacio público,Barrio Franklin,"Franklin 631 (entre ingeniero Obreth y Victor Manuel, vereda norte)",Santiago,13101.00000000000,7.00000000000,si,-70.64037790000,-33.47271630000,47RFG9G5+WR,https://www.facebook.com/543980918987525/photos/pcb.3133845146667743/3133844773334447/?type=3&theater,,"Solo el pueblo ayuda al pueblo. Todos los dias, desde las 1400",,OllasComunes_Chi_Wall,200528.00000000000,1224.00000000000,./0.png
-70.6339966,-33.4733709,8.00000000000,olla_comun,,Coordinadora Territorial para el Barrio Dingo Intercultural,200527.00000000000,200531.00000000000,Espacio público,Barrio Franklin,Manuel Antonio Tocornal 2227,Santiago,13101.00000000000,8.00000000000,si,-70.63399660000,-33.47337090000,47RFG9G8+MC,https://www.facebook.com/543980918987525/photos/pcb.3133845146667743/3133844773334447/?type=3&theater,,"Solo el pueblo ayuda al pueblo. Martes, Jueves y Sabado, desde las 1400",,OllasComunes_Chi_Wall,200528.00000000000,1224.00000000000,./0.png
-70.723987,-33.431269,9.00000000000,olla_comun,acopio_solidario,Olla Comun Villa El Porvenir,0.00000000000,200523.00000000000,,Población Nueva Porvenir,Isla de pascua 1354,Cerro Navia,13103.00000000000,0.00000000000,si,-70.72398700000,-33.43126900000,H79G+FC Santiago,,,Olla comun,,Opal Chile,200524.00000000000,0.00000000000,./0.png
-70.7272572,-33.4153455,10.00000000000,olla_comun,,Vecinos y vecinas organizad@s,0.00000000000,200525.00000000000,Espacio público,Villa Carrascal Poniente (ex Sara Gajardo),Las Lumas con Barros Arana,Cerro Navia,13103.00000000000,2.00000000000,si,-70.72725720000,-33.41534550000,47RFH7MF+V3,,,Todos los lunes desde las 1230 hasta 1400. Solo el pueblo ayuda al pueblo,,OllasComunes_Chi_Wall,200526.00000000000,0.00000000000,./0.png
-70.760917,-33.4265719,11.00000000000,olla_comun,,Vecinos y vecinas organizad@s,0.00000000000,200526.00000000000,Sede Del Club deportivo Santa Clara,Villa Santa Clara,La Llareta 9042,Cerro Navia,13103.00000000000,3.00000000000,si,-70.76091700000,-33.42657190000,47RFH6FQ+9J,,,Solo el pueblo ayuda al pueblo,,Opal Chile,200526.00000000000,1407.00000000000,./0.png
-70.762716,-33.423073,12.00000000000,olla_comun,acopio_solidario,Toma Violeta Parra de Barrancas,190904.00000000000,0.00000000000,,Toma Violeta Parra de Barrancas,Rodoviario 8539-8632,Cerro Navia,13103.00000000000,4.00000000000,si,-70.76271600000,-33.42307300000,H6GP+QW Cerro Navia,,,Olla popular comunitaria,,Opal Chile,200524.00000000000,0.00000000000,./0.png
-70.6702417,-33.3789899,13.00000000000,olla_comun,,Vecinas por Conchalí,0.00000000000,200525.00000000000,Plaza La Palmilla,Población La Palmilla,Villa Principal 5329,Conchalí,13104.00000000000,0.00000000000,si,-70.67024170000,-33.37898990000,47RFJ8CH+CW,,,Todos los martes desde las 13 horas. Entregamos almuerzos a nuestros vecinos que lo necesiten. El Pueblo Ayuda al pueblo,,RedApoyoComunitario_ZN_RM,200527.00000000000,1142.00000000000,./0.png
-70.6722021,-33.3803362,14.00000000000,olla_comun,acopio_solidario,Junta de Vecinos Nro. 42 Nueva Palmilla Central,0.00000000000,200525.00000000000,,Población Nueva Palmilla Central,Durango 5035,Conchalí,13104.00000000000,2.00000000000,si,-70.67220210000,-33.38033620000,47RFJ89H+V4,,,Todos los lunes,,OllasComunes_Chi_Wall,200525.00000000000,0.00000000000,./0.png
-70.6766518,-33.3733189,15.00000000000,olla_comun,,Vecinos y vecinas organizad@s,0.00000000000,200525.00000000000,Sede Junta de Vecinos Nro. 27 de Conchali,,Altona 1572,Conchalí,13104.00000000000,3.00000000000,si,-70.67665180000,-33.37331890000,47RFJ8GF+M8,,,Todos los dias. Olla comun Conchalí. Solo el pueblo ayuda al pueblo,mas de 100 diarias,RedApoyoComunitario_ZN_RM,200527.00000000000,1115.00000000000,./0.png
-70.6805076,-33.3845848,16.00000000000,acopio_solidario,olla_comun,Vecinos y vecinas organizad@s,0.00000000000,200526.00000000000,,Conchalí frente a Poblaciòn Diego Silva,La Reja 1804 (con Av. Independecia),Conchalí,13104.00000000000,4.00000000000,si,-70.68050760000,-33.38458480000,47RFJ889+5Q,,,"Colabora con la olla común y ayuda a tus vecin@s mas necesitados. ""No es asunto de caridad, sino de justicia"" Nelson Mandela",,OllasComunes_Chi_Wall,200526.00000000000,2206.00000000000,./0.png
-70.6910904,-33.3670014,17.00000000000,olla_comun,acopio_solidario,Olla Comunitaria El Cortijo norte,200525.00000000000,200529.00000000000,Junta de vecinos Nro. 30 de Conchalí,El Cortijo,Julio Montt Salamanca 6097,Conchalí,13104.00000000000,5.00000000000,si,-70.69109040000,-33.36700140000,19HCD4267306748,https://www.facebook.com/photo.php?fbid=1789694294505168&set=a.297385903736022&type=3&theater,,"La Junta de Vecinos ""El Cortijo Norte"" en la campaña #ManosSolidarias, para ayudar a nuestros vecinos del Barrio, con una olla comun y acopio solidario",,,200527.00000000000,2128.00000000000,./0.png
-70.6645144,-33.3845764,18.00000000000,olla_comun,acopio_solidario,Vecinos y vecinas organizad@s,200527.00000000000,200529.00000000000,"Espacio público, frente al Jardin Ardillitas",Poblacion Gonel,Salamanca 4030,Conchalí,13104.00000000000,6.00000000000,si,-70.66451440000,-33.38457640000,47RFJ88P+55,https://www.facebook.com/photo.php?fbid=3150331271713557&set=a.106332959446752&type=3&theater,,Solo el pueblo ayuda al pueblo,,OllasComunes_Chi_Wall,200528.00000000000,1603.00000000000,./0.png
-1.79769313486232e+308,-1.79769313486232e+308,19.00000000000,olla_comun,,"La Cacelora. Comisión de Abastecimiento Popular; Consejo de Organizaciones Populares de Conchali",0.00000000000,200530.00000000000,Sede Club Deportivo Sergio del Fierro,Poblacion El Cortijo,Pasaje Veinticinco 2007,Conchalí,13104.00000000000,7.00000000000,si,0.00000000000,0.00000000000,47RFJ8J5+68,,,Solo El Pueblo ayuda al pueblo. Olla Comun Barrio El Cortijo. Uso obligatorio de mascarilla,,Pagina_Organizacion,200529.00000000000,1400.00000000000,./0.png
-70.6756516,-33.4051354,20.00000000000,olla_comun,acopio_solidario,,0.00000000000,0.00000000000,Plaza Monterrey,Barrio Monterrey,Costa Rica 2705,Conchalí,13104.00000000000,8.00000000000,si,-70.67565160000,-33.40513540000,47RFH8VF+WP,,,Colabora con la olla comun,,,200527.00000000000,2210.00000000000,./0.png
-70.677549,-33.546349,21.00000000000,olla_comun,,Olla Comun,0.00000000000,200524.00000000000,Iniciativa familiar,,18 de Septiembre con Navarino,El Bosque,13105.00000000000,0.00000000000,si,-70.67754900000,-33.54634900000,F83C+FX Santiago,,,no existe la interseccion,,Opal Chile,200524.00000000000,0.00000000000,./0.png
-70.6692349,-33.5664658,22.00000000000,olla_comun,,Colectivo Organizado de Pobladores Apartidistas C.O.P.A.,200521.00000000000,200525.00000000000,,,Las Esmeraldas 11303,El Bosque,13105.00000000000,2.00000000000,si,-70.66923490000,-33.56646580000,47RFC8MJ+C8,https://www.facebook.com/COPAELBOSQUE/?__tn__=kCH-R&eid=ARByl9Ej__2QpJZZhBHwgv07Q6qbI-QTu9H1ARZz8_r7RjSaMBXo7WMRWsesho3owffSTfGcjdYkG2hZ&hc_ref=ARSUmGn4GHC3LJ_Hb2o6UIEFJ7OJMcDlxeGQVZOe2qT2c_0QMdM5AgubO5-bIuUGUCo&fref=nf&__xts__[0]=68.ARBS1_OTIJmqeHuRwmM0,,Solo el pueblo ayuda al pueblo,,OllasComunes_Chi_Wall,200525.00000000000,0.00000000000,./0.png
-70.6786125,-33.5639107,23.00000000000,acopio_solidario,,Colectivo Organizado de Pobladores Apartidistas C.O.P.A.,200521.00000000000,200525.00000000000,,,Beethoven 11717,El Bosque,13105.00000000000,3.00000000000,si,-70.67861250000,-33.56391070000,47RFC8PC+CH,,,Solo el pueblo ayuda al pueblo,,OllasComunes_Chi_Wall,200525.00000000000,0.00000000000,./0.png
-70.6709212,-33.5744463,24.00000000000,olla_comun,,Vecinos y vecinas organizad@s,0.00000000000,200528.00000000000,Espacio público,,Las canteras con peñablanca,El Bosque,13105.00000000000,4.00000000000,si,-70.67092120000,-33.57444630000,47RFC8GH+6J,https://www.facebook.com/opalchile/videos/617832152413415/?t=35,,,,Opal Chile,200528.00000000000,1155.00000000000,./0.png
-70.676464,-33.565448,25.00000000000,olla_comun,acopio_solidario,Proyecto Social y Comunitario El Bosque,0.00000000000,0.00000000000,,Población Claudio Arrau,Las pataguas 11882,El Bosque,13105.00000000000,5.00000000000,si,-70.67646400000,-33.56544800000,C8MF+RC Santiago,,,Solo el pueblo ayuda al pueblo. Olla comun territorial El Bosque,,Apoya la olla,200524.00000000000,0.00000000000,./0.png
-1.79769313486232e+308,-1.79769313486232e+308,26.00000000000,olla_comun,comedor_popular,,0.00000000000,0.00000000000,Escuela Municipal Mario Arce Gatica,,Los Avellanos 10958,El Bosque,13105.00000000000,6.00000000000,si,0.00000000000,-33.56257000000,C8PP+X4 El Bosque,,,,,Apoya la olla,200524.00000000000,0.00000000000,./0.png
-70.6648016,-33.5557305,27.00000000000,olla_comun,,,0.00000000000,0.00000000000,,,Paraiso 10190,El Bosque,13105.00000000000,7.00000000000,si,-70.66480160000,-33.55573050000,47RFC8VP+P3,,,,,,200527.00000000000,2210.00000000000,./0.png
-70.6525947,-33.5610983,28.00000000000,olla_comun,,,0.00000000000,0.00000000000,,,Los Pelicanos 10691,El Bosque,13105.00000000000,8.00000000000,si,-70.65259470000,-33.56109830000,47RFC8QW+HX,,,,,,200527.00000000000,2210.00000000000,./0.png
-70.6684485,-33.5568449,29.00000000000,olla_comun,,,0.00000000000,0.00000000000,,,General Tovarias 582,El Bosque,13105.00000000000,9.00000000000,si,-70.66844850000,-33.55684490000,47RFC8VJ+7J,,,,,,200527.00000000000,2210.00000000000,./0.png
-70.6647388,-33.5625731,30.00000000000,olla_comun,,,0.00000000000,0.00000000000,,,Los Avellanos 10958,El Bosque,13105.00000000000,10.00000000000,si,-70.66473880000,-33.56257310000,47RFC8PP+X4,,,,,,200527.00000000000,2210.00000000000,./0.png
-70.6704625,-33.5671137,31.00000000000,olla_comun,,,0.00000000000,0.00000000000,,,El Pacifico 11378,El Bosque,13105.00000000000,11.00000000000,si,-70.67046250000,-33.56711370000,47RFC8MH+5R,,,,,,200527.00000000000,2210.00000000000,./0.png
-70.6692663,-33.5670853,32.00000000000,olla_comun,,,0.00000000000,0.00000000000,,,Las Esmeraldas 11343,El Bosque,13105.00000000000,12.00000000000,si,-70.66926630000,-33.56708530000,47RFC8MJ+57,,,,,,200527.00000000000,2210.00000000000,./0.png
-70.6664198,-33.5653174,33.00000000000,olla_comun,,,0.00000000000,0.00000000000,,,Santa Elena 920,El Bosque,13105.00000000000,13.00000000000,si,-70.66641980000,-33.56531740000,47RFC8MM+VC,,,,,,200527.00000000000,2210.00000000000,./0.png
-70.6658535,-33.5753006,34.00000000000,olla_comun,,,0.00000000000,0.00000000000,,,Las Canteras 904,El Bosque,13105.00000000000,14.00000000000,si,-70.66585350000,-33.57530060000,47RFC8FM+VM,,,,,,200527.00000000000,2210.00000000000,./0.png
-70.6671977,-33.5757859,35.00000000000,olla_comun,,,0.00000000000,0.00000000000,,,Tucapel 11961,El Bosque,13105.00000000000,15.00000000000,si,-70.66719770000,-33.57578590000,47RFC8FM+M4,,,,,,200527.00000000000,2210.00000000000,./0.png
-1.79769313486232e+308,-1.79769313486232e+308,36.00000000000,olla_comun,,,0.00000000000,0.00000000000,,,Madrid 670,El Bosque,13105.00000000000,16.00000000000,si,0.00000000000,-33.57674610000,47RFC8FG+8R,,,,,,200527.00000000000,2210.00000000000,./0.png
-70.6683378,-33.5825957,37.00000000000,olla_comun,,,0.00000000000,0.00000000000,,,Las Parcelas 1678,El Bosque,13105.00000000000,17.00000000000,si,-70.66833780000,-33.58259570000,47RFC88J+XM,,,,,,200527.00000000000,2210.00000000000,./0.png
-70.6674336,-33.5902472,38.00000000000,olla_comun,,,0.00000000000,0.00000000000,,,General Silva con San Francisco,El Bosque,13105.00000000000,18.00000000000,si,-70.66743360000,-33.59024720000,47RFC85M+W2,,,,,,200527.00000000000,2210.00000000000,./0.png
-70.6725117,-33.5869542,39.00000000000,olla_comun,,,0.00000000000,0.00000000000,,,Isla Ross 13626,El Bosque,13105.00000000000,19.00000000000,si,-70.67251170000,-33.58695420000,47RFC87G+6X,,,,,,200527.00000000000,2210.00000000000,./0.png
-70.6763234,-33.5746132,40.00000000000,olla_comun,,,0.00000000000,0.00000000000,,,Los Filodendros 882,El Bosque,13105.00000000000,20.00000000000,si,-70.67632340000,-33.57461320000,47RFC8GF+5F,,,,,,200527.00000000000,2210.00000000000,./0.png
-70.6777714,-33.5654023,41.00000000000,olla_comun,,,0.00000000000,0.00000000000,,,Claudio Arrau con Pasaje Lizth,El Bosque,13105.00000000000,21.00000000000,si,-70.67777140000,-33.56540230000,47RFC8MC+RV,,,,,,200527.00000000000,2210.00000000000,./0.png
-70.6764084,-33.5654872,42.00000000000,olla_comun,,,0.00000000000,0.00000000000,,,Las Pataguas 11869,El Bosque,13105.00000000000,22.00000000000,si,-70.67640840000,-33.56548720000,47RFC8MF+RC,,,,,,200527.00000000000,2210.00000000000,./0.png
-70.6741348,-33.5623002,43.00000000000,olla_comun,,,0.00000000000,0.00000000000,,,Agustin Calderon Rojas 11563,El Bosque,13105.00000000000,23.00000000000,si,-70.67413480000,-33.56230020000,47RFC8QG+38,,,,,,200527.00000000000,2210.00000000000,./0.png
-70.6723638,-33.5636623,44.00000000000,olla_comun,,,0.00000000000,0.00000000000,,,Alberto Blest Gana 806,El Bosque,13105.00000000000,24.00000000000,si,-70.67236380000,-33.56366230000,47RFC8PH+G3,,,,,,200527.00000000000,2210.00000000000,./0.png
-70.7163082,-33.4756864,45.00000000000,panaderia_popular,acopio_solidario,Panaderia Popular Elefante Blanco,0.00000000000,200523.00000000000,Centro Comunitario Elefante Blanco,Villa Francia,Luis Infante Cerda 5500,Estación Central,13106.00000000000,0.00000000000,si,-70.71630820000,-33.47568640000,47RFG7FM+PF,,,"Entrega gratuita de pan, martes y sabados, desde las 18:00 horas. Recepcion de aportes de 15-18 hrs. Iniciativa popular",,OllasComunes_Chi_Wall,200525.00000000000,0.00000000000,./0.png
-70.714343,-33.47209,46.00000000000,comedor_popular,acopio_solidario,Comedor Popular Luisa Toledo,0.00000000000,200524.00000000000,Comunitario Las Estepas,Villa Francia,Las Estepas 824,Estación Central,13106.00000000000,2.00000000000,si,-70.71434300000,-33.47209000000,47RFG7HP+57,@comedorpopular.luisatoledo.5,,Solo el pueblo ayuda al pueblo,,OllasComunes_Chi_Wall,200525.00000000000,0.00000000000,./0.png
-70.637819,-33.371438,47.00000000000,olla_comun,acopio_solidario,Pinkoyanizate,0.00000000000,200521.00000000000,Mural,Población La Pincoya,Pargua 759,Huechuraba,13107.00000000000,0.00000000000,si,-70.63781900000,-33.37143800000,J9H6+CV Santiago,https://www.facebook.com/Pinkoyanizate/?__tn__=K-R&eid=ARAPaz_la89W3yPcYrJfymgjZDOdPywlw6u9kpnl2i-QVzKpQ_gysmjmL8Ok_KsWWk5ytYbVpr2DQxTf&fref=mentions,,,,Pinkoyanizate,200524.00000000000,0.00000000000,./0.png
-70.639115,-33.367409,48.00000000000,olla_comun,acopio_solidario,Pinkoyanizate,0.00000000000,200522.00000000000,,Población La Pincoya,Victor Domingo Silva 1094,Huechuraba,13107.00000000000,2.00000000000,si,-70.63911500000,-33.36740900000,J9M6+29 Santiago,https://www.facebook.com/Pinkoyanizate/?__tn__=K-R&eid=ARAPaz_la89W3yPcYrJfymgjZDOdPywlw6u9kpnl2i-QVzKpQ_gysmjmL8Ok_KsWWk5ytYbVpr2DQxTf&fref=mentions,,,,Opal Chile,200524.00000000000,0.00000000000,./0.png
-70.629466,-33.361962,49.00000000000,olla_comun,acopio_solidario,Olla comun itinerante,0.00000000000,200523.00000000000,,Población La Pincoya,Jorge Inostroza con Los Quillayes,Huechuraba,13107.00000000000,3.00000000000,si,-70.62946600000,-33.36196200000,J9QC+66 Santiago,https://www.facebook.com/Pinkoyadespierta-100682484926269/?__tn__=kCH-R&eid=ARBarFLsj42mowzWAxDycpEu2-Zx7PhMAwCpbziAlTN7i28I2AAo5zF4yxfhn3VeZVxbpwvZbvWNI60R&hc_ref=ARRPibPfIxxcXAYr3rBPxy9q7Pad-RIixEDOYDD0X9V_ZafLWYyy7AQvrLH6mYhfxDM&fref=nf,,Solo el pueblo ayuda al pueblo,,PincoyaDespierta,200524.00000000000,0.00000000000,./0.png
-70.637819,-33.371438,50.00000000000,olla_comun,acopio_solidario,Pinkoyanizate,0.00000000000,200523.00000000000,Mural,Población La Pincoya,Pargua con Los Olmos,Huechuraba,13107.00000000000,4.00000000000,si,-70.63781900000,-33.37143800000,J9H6+9V Santiago,https://www.facebook.com/Pinkoyadespierta-100682484926269/?__tn__=kCH-R&eid=ARBarFLsj42mowzWAxDycpEu2-Zx7PhMAwCpbziAlTN7i28I2AAo5zF4yxfhn3VeZVxbpwvZbvWNI60R&hc_ref=ARRPibPfIxxcXAYr3rBPxy9q7Pad-RIixEDOYDD0X9V_ZafLWYyy7AQvrLH6mYhfxDM&fref=nf,,Solo el pueblo ayuda al pueblo,,PincoyaDespierta,200524.00000000000,0.00000000000,./0.png
-70.629989,-33.369811,51.00000000000,olla_comun,acopio_solidario,Olla comun itinerante,0.00000000000,200524.00000000000,Sede Junta de Vecinos Concierto y Cultura,Población La Pincoya,Jorge Inostroza con Del Pincoy,Huechuraba,13107.00000000000,5.00000000000,si,-70.62998900000,-33.36981100000,J9JC+32 Santiago,,,,,Pinkoyanizate,200524.00000000000,0.00000000000,./0.png
-70.634011,-33.366869,52.00000000000,olla_comun,acopio_solidario,Agrupacion Chile Digno,0.00000000000,200524.00000000000,,Población La Pincoya,Av. Recoleta con Los Cerezos,Huechuraba,13107.00000000000,6.00000000000,si,-70.63401100000,-33.36686900000,J9M8+79 Santiago,https://www.facebook.com/Pinkoyanizate/photos/pcb.250207023062790/250206989729460/?type=3&theater,,Solo el pueblo cuida al pueblo,,Pinkoyanizate,200524.00000000000,0.00000000000,./0.png
-70.632959,-33.367931,53.00000000000,olla_comun,ropero_solidario,Pincoya Digna,0.00000000000,200524.00000000000,Carpa_callejera,Población La Pincoya,Av. Recoleta con los almendros,Huechuraba,13107.00000000000,7.00000000000,si,-70.63295900000,-33.36793100000,47RFJ9J8+RR,https://www.facebook.com/pincoya.digna?__tn__=%2CdCH-R-R&eid=ARCzXncUYfr8Ky2pt8P3RsZQ3T9T3HOo5tnbaU5E-3NMUN5ApizQKmNh1h7pimNPKCqpeiSvO1kSxpZK&hc_ref=ARSKQDaehK7DBwYOYEzHqGJE56hdH5ym_pcIu9-luqASbIaOoU_VMUHkqL246CEzgoM&fref=nf&hc_location=group,,Solo el pueblo ayuda al pueblo,,OllasComunes_Chi_Wall,200525.00000000000,0.00000000000,./0.png
-70.639115,-33.367409,54.00000000000,olla_comun,,Pinkoyanizate,0.00000000000,200525.00000000000,,Población La Pincoya,Victor Domingo Silva 1094,Huechuraba,13107.00000000000,8.00000000000,si,-70.63911500000,-33.36740900000,J9M6+29 Santiago,https://www.facebook.com/Pinkoyanizate/?__tn__=K-R&eid=ARAPaz_la89W3yPcYrJfymgjZDOdPywlw6u9kpnl2i-QVzKpQ_gysmjmL8Ok_KsWWk5ytYbVpr2DQxTf&fref=mentions,,,,Opal Chile,200524.00000000000,0.00000000000,./0.png
-70.6345219,-33.3685405,55.00000000000,once_comunitaria,,Pincoya Digna,0.00000000000,200526.00000000000,,Población La Pincoya,Av Recoleta 5908,Huechuraba,13107.00000000000,9.00000000000,si,-70.63452190000,-33.36854050000,47RFJ9J8+H5,,,Pincoya Digna. Te invitamos a tomar una rica once. En Av. Recoleta fuera de la iglesia adventista,,,200526.00000000000,0.00000000000,./0.png
-70.662455,-33.427927,56.00000000000,olla_comun,,Ollas solidarias en La Río,0.00000000000,200524.00000000000,Plaza Anfiteatro,Población Juan Antonio Ríos,Av. Pdte. Eduardo Frei Montalva 1549,Independencia,13108.00000000000,0.00000000000,si,-70.66245500000,-33.42792700000,47RFH8CQ+R2,,,Solo el pueblo ayuda al pueblo,,OllasComunes_Chi_Wall,200525.00000000000,0.00000000000,./0.png
-70.673339,-33.529879,57.00000000000,olla_comun,,"Junta de Vecinos Nro. 17 Augusto Biaut, La Cisterna",0.00000000000,200519.00000000000,Espacio público,,Brisas del Maipo con Industria,La Cisterna,13109.00000000000,0.00000000000,si,-70.67333900000,-33.52987900000,47RFF8CG+2M,,,,,OllasComunes_Chi_Wall,200525.00000000000,0.00000000000,./0.png
-70.6714733,-33.5327254,58.00000000000,olla_comun,,"Junta de Vecinos Nro. 17 Augusto Biaut, La Cisterna",0.00000000000,200520.00000000000,Sede Junta de Vecinos Nro. 17 Augusto Biaut Plaza de Los Bomberos,,Pedro Aguirre Cerda 0575,La Cisterna,13109.00000000000,2.00000000000,si,-70.67147330000,-33.53272540000,47RFF88H+X4,,,,,OllasComunes_Chi_Wall,200525.00000000000,0.00000000000,./0.png
-1.79769313486232e+308,-1.79769313486232e+308,59.00000000000,acopio_solidario,,Sede Alejandro Delón,0.00000000000,200522.00000000000,,Villa O'Higgins,Los Clarines 9470,La Florida,13110.00000000000,0.00000000000,si,0.00000000000,-33.54077700000,F95V+M6 Santiago,https://www.facebook.com/villaohiggins.teayuda,,,,Opal Chile,200524.00000000000,0.00000000000,./0.png
-70.569343,-33.511695,60.00000000000,olla_comun,acopio_solidario,Campamento Galvarino,0.00000000000,200523.00000000000,Campamento Galvarino,Población Nueva Amanecer,Volcan Hornopiren y Av. Departamental,La Florida,13110.00000000000,2.00000000000,si,-70.56934300000,-33.51169500000,CCP4+8P La Florida,,,Olla popular,,Opal Chile,200524.00000000000,0.00000000000,./0.png
-70.60496,-33.533008,61.00000000000,olla_comun,acopio_alimentos,Villa Ohiggins te ayuda,0.00000000000,200523.00000000000,Sede comunitaria,Villa O'Higgins,Cautin 8480,La Florida,13110.00000000000,3.00000000000,si,-70.60496000000,-33.53300800000,F98W+Q2 La Florida,https://www.facebook.com/villaohiggins.teayuda,,Solo el pueblo ayuda al pueblo,,Opal Chile,200524.00000000000,0.00000000000,./0.png
-70.605739,-33.530423,62.00000000000,olla_comun,acopio_solidario,Asamblea Villa O'Higgins,0.00000000000,200524.00000000000,,Villa O'Higgins,Panguipulli 8149,La Florida,13110.00000000000,4.00000000000,si,-70.60573900000,-33.53042300000,F99V+RM Santiago,,,,,Opal Chile,200524.00000000000,0.00000000000,./0.png
-70.6117785,-33.532453,63.00000000000,olla_comun,acopio_solidario,Villa Ohiggins te ayuda,0.00000000000,200528.00000000000,,Villa O'Higgins,Punta Arenas 8276,La Florida,13110.00000000000,5.00000000000,si,-70.61177850000,-33.53245300000,47RFF99Q+27,@villaOhigginsteayuda,,,,Pagina_Asamblea,200529.00000000000,1355.00000000000,./0.png
-70.5752079,-33.5139283,64.00000000000,olla_comun,,Asamblea Territorial Nueva Habana,200527.00000000000,200531.00000000000,Espacio público,Poblacion Nueva Habana (ex Nuevo Amanecer),Las Higueras con Punitaqui,La Florida,13110.00000000000,6.00000000000,si,-70.57520790000,-33.51392830000,47RFFCPF+CW,https://www.facebook.com/campamento.nuevahabana/photos/a.803954206396977/2891824134276630/?type=3&theater,,"Tallarinata por nuestra dignidad. El pueblo se organiza para comer, ¡y se prepara para vencer!",,,200527.00000000000,2302.00000000000,./0.png
-70.553429,-33.514545,65.00000000000,olla_comun,acopio_solidario,Campamento Dignidad,191130.00000000000,0.00000000000,Campamento Dignidad,Quebrada de Macul,La Quebrada sn,La Florida,13110.00000000000,7.00000000000,si,-70.55342900000,-33.51454500000,FCPW+5J Santiago,,,Olla popular comunitaria,,Opal Chile,200524.00000000000,0.00000000000,./0.png
-70.631224,-33.523459,67.00000000000,olla_comun,acopio_solidario,"Agrupacion por la vida digna: Fuerza Pobladora de Chile;Red de Solidaridad Popular",0.00000000000,200521.00000000000,,Población José Ghiardo,José Ghiardo con Los Vilos,La Granja,13111.00000000000,0.00000000000,si,-70.63122400000,-33.52345900000,F9G9+JG Santiago,https://www.facebook.com/joseghiardo.seorganiza?__tn__=K-R&eid=ARD7vPO5ybCglq8nRYjCgF5cZO0jq5yCwLUm1PLh2bx7L-RsQlE3AR3SjhsoY4xQzijE1JYgugd_dSnu&fref=mentions,,"Organización territorial que realiza: catastro de informacion, central de impresiones;retiro de medicamentos y leche en consultorios; ollas comunes y centros de acopio de mercaderia: jornada de sanitizaciones por pasajes; redaccion y entrega de informat",,,200524.00000000000,0.00000000000,./0.png
-70.615854,-33.544817,68.00000000000,olla_comun,acopio_solidario,Comité de Emergencia territorial Asamblea metro La Granja,0.00000000000,200523.00000000000,Sede Junta de Vecinos Millalemu,Población Millalemu,Isla Sta María 8837,La Granja,13111.00000000000,2.00000000000,si,-70.61585400000,-33.54481700000,F94M+3M Santiago,https://www.facebook.com/asambleametro/?__tn__=K-R&eid=ARBUgdCOlJWhFGVyRv8JSrzl1n7jMvbN4U1Xo_ApxSClxMc-FHGLGNUQApvTaLPgk3jPQVlqSmqQtOni&fref=mentions,@Cetmlg,Olla comun,,Opal Chile,200524.00000000000,0.00000000000,./0.png
-1.79769313486232e+308,-1.79769313486232e+308,69.00000000000,olla_comun,acopio_solidario,Asamblea Popular Yungay,0.00000000000,200523.00000000000,Espacio Newen,Población Yungay,Padre Esteban Gumucio y pasaje 7,La Granja,13111.00000000000,3.00000000000,si,0.00000000000,-33.52062700000,F9HH+PW Santiago,,,"Olla común:Ejemplos de amor, dignidad y organización popular en Chile",,Opal Chile,200524.00000000000,0.00000000000,./0.png
-70.6289219,-33.5510357,70.00000000000,olla_comun,,Pobladores zona sur en ayuda del pueblo,0.00000000000,200528.00000000000,Espacio público,Poblacion Joaquin Edwards Bello,Canto General 321 (con Sofia Eastman),La Granja,13111.00000000000,4.00000000000,si,-70.62892190000,-33.55103570000,47RFC9XC+HC,https://www.facebook.com/photo.php?fbid=2541026065999030&set=pcb.2541026149332355&type=3&theater,,Solo el pueblo ayuda al pueblo,,OllasComunes_Chi_Wall,200528.00000000000,1159.00000000000,./0.png
-70.6218519,-33.5516353,71.00000000000,panaderia_popular,,"Panadería popular ""La conquista del pan""",0.00000000000,200528.00000000000,,Villa Las Americas,José Santos Gonzales Vera 713,La Granja,13111.00000000000,5.00000000000,si,-70.62185190000,-33.55163530000,47RFC9XH+87,https://www.facebook.com/photo.php?fbid=567209734214711&set=gm.185474016051300&type=3&theater,,"Hola vecines, *solo el pueblo ayuda al pueblo*. Queremos comunicarles que hoy desde las 17 horas y todos los martes y jueves (por ahora) vamos a estar regalando/compartiendo pancito amasado para las familias que necesiten y no tengan. Sabemos que hay vec",,OllasComunes_Chi_Wall,200528.00000000000,1725.00000000000,./0.png
-70.6115512,-33.5442417,72.00000000000,olla_comun,acopio_solidario,Asamblea Popular Metro La Granja,0.00000000000,200530.00000000000,,Población Millalemu,Isla Morelos con Isla Riesco,La Granja,13111.00000000000,6.00000000000,si,-70.61155120000,-33.54424170000,47RFF94Q+89,https://www.facebook.com/asambleametro/?__tn__=%2CdkCH-R-R&eid=ARCnbwFPXjPXEgmZXOriEcrViV1Pp-3FzcC7u2HuM8FdbhE8bSkhjgiFE6sw8EOT_LlMT3gSKy92Bm89&hc_ref=ARSsJF34SH6yMUFZ3URL8WWhyMTuO79y5VIkemKz4JUqHLDndla8H2P-r6xyTNTieko&fref=nf&hc_location=group,,Solo el pueblo ayuda al pueblo,,OllasComunes_Chi_Wall,200525.00000000000,0.00000000000,./0.png
-1.79769313486232e+308,-1.79769313486232e+308,73.00000000000,olla_comun,acopio_solidario,"Colectiva Teresa Flores; CAS.Olla común feminista",200508.00000000000,200513.00000000000,Centro de Accion Social Autismo (CAS) La Pintana,Varios,José Manuel Balmaceda 1231,La Pintana,13112.00000000000,0.00000000000,si,0.00000000000,0.00000000000,47RFC9C6+C3,https://www.facebook.com/photo.php?fbid=2905096019598328&set=pcb.2905096116264985&type=3&theater,@colectiva.teresaflores,Olla común móvil. El pueblo ayuda al pueblo,,Asamblea Territorial El Castillo,200526.00000000000,2059.00000000000,./0.png
-70.6387946,-33.5646812,74.00000000000,olla_comun,acopio_solidario,Vecinos presentes,0.00000000000,200524.00000000000,Espacio público,Población Magdalena 2,Pedro Aguirre Cerda con Avenida El Observatorio,La Pintana,13112.00000000000,2.00000000000,si,-70.63879460000,-33.56468120000,47RFC9P6+4F,,,Solo el pueblo ayuda al pueblo,,OllasComunes_Chi_Wall,200525.00000000000,0.00000000000,./0.png
-70.6468361,-33.5636446,75.00000000000,olla_comun,acopio_solidario,Vecinos presentes,0.00000000000,200524.00000000000,Espacio público,Villa El Tololo,Av. Observatorio y Almirante Latorre,La Pintana,13112.00000000000,3.00000000000,si,-70.64683610000,-33.56364460000,47RFC9P3+G7,,,Solo el pueblo ayuda al pueblo,,OllasComunes_Chi_Wall,200525.00000000000,0.00000000000,./0.png
-70.612848,-33.5904216,76.00000000000,olla_comun,,,0.00000000000,200526.00000000000,,Población El Castillo,Batallon Chacabuco con El Fundador,La Pintana,13112.00000000000,4.00000000000,si,-70.61284800000,-33.59042160000,47RFC95P+RV,https://www.facebook.com/photo.php?fbid=143951913895974&set=pcb.143952123895953&type=3&theater,@asambleaterritorialelcastillo,Datos ollas comunes,,Asamblea Territorial El Castillo,200526.00000000000,2059.00000000000,./0.png
-70.6229566,-33.589558,77.00000000000,olla_comun,,,0.00000000000,200526.00000000000,,Población El Castillo,Capitán Layseca con Cabo Gutiérrez,La Pintana,13112.00000000000,5.00000000000,si,-70.62295660000,-33.58955800000,47RFC96G+5R,https://www.facebook.com/photo.php?fbid=143951913895974&set=pcb.143952123895953&type=3&theater,@asambleaterritorialelcastillo,Datos ollas comunes,,Asamblea Territorial El Castillo,200526.00000000000,2059.00000000000,./0.png
-70.6173467,-33.592885,78.00000000000,olla_comun,,,0.00000000000,200526.00000000000,,Población El Castillo,Plaza de Armas 3125,La Pintana,13112.00000000000,6.00000000000,si,-70.61734670000,-33.59288500000,47RFC94M+R3,https://www.facebook.com/photo.php?fbid=143951913895974&set=pcb.143952123895953&type=3&theater,@asambleaterritorialelcastillo,Datos ollas comunes,,Asamblea Territorial El Castillo,200526.00000000000,2059.00000000000,./0.png
-70.6100024,-33.5932158,79.00000000000,olla_comun,,,0.00000000000,200526.00000000000,,Población El Castillo,La Frontera con Los Gallos,La Pintana,13112.00000000000,7.00000000000,si,-70.61000240000,-33.59321580000,47RFC94Q+PX,https://www.facebook.com/photo.php?fbid=143951913895974&set=pcb.143952123895953&type=3&theater,@asambleaterritorialelcastillo,Datos ollas comunes,,Asamblea Territorial El Castillo,200526.00000000000,2059.00000000000,./0.png
-70.6220778,-33.5922668,80.00000000000,olla_comun,,,0.00000000000,200526.00000000000,,Población El Castillo,El Lingue 2849,La Pintana,13112.00000000000,8.00000000000,si,-70.62207780000,-33.59226680000,47RFC95H+35,https://www.facebook.com/photo.php?fbid=143951913895974&set=pcb.143952123895953&type=3&theater,@asambleaterritorialelcastillo,Datos ollas comunes,,Asamblea Territorial El Castillo,200526.00000000000,2059.00000000000,./0.png
-70.6135309,-33.5934514,81.00000000000,olla_comun,,,0.00000000000,200526.00000000000,,Población El Castillo,La Frontera 3345,La Pintana,13112.00000000000,9.00000000000,si,-70.61353090000,-33.59345140000,47RFC94P+JH,https://www.facebook.com/photo.php?fbid=143951913895974&set=pcb.143952123895953&type=3&theater,@asambleaterritorialelcastillo,Datos ollas comunes,,Asamblea Territorial El Castillo,200526.00000000000,2059.00000000000,./0.png
-70.6356086,-33.5766375,82.00000000000,acopio_solidario,,Komedor Solidario Norma Vergara.,200523.00000000000,200526.00000000000,Huerta Parque Las Américas,Varios,Abraham Lincoln con Lo Martinez,La Pintana,13112.00000000000,10.00000000000,si,-70.63560860000,-33.57663750000,47RFC9F7+8Q,https://www.facebook.com/photo.php?fbid=3312042768828637&set=a.618916511474623&type=3&theater,@asambleaterritorialelcastillo,Olla común móvil,,Asamblea Territorial El Castillo,200526.00000000000,2059.00000000000,./0.png
-70.6095015,-33.5937615,83.00000000000,olla_comun,,,0.00000000000,200526.00000000000,Sede Junta de Vecinos 19-9 Villa Nueva Patagonia,Villa Nueva Patagonia,El ombu 3710,La Pintana,13112.00000000000,11.00000000000,si,-70.60950150000,-33.59376150000,47RFC94R+F5,https://www.facebook.com/photo.php?fbid=143951913895974&set=pcb.143952123895953&type=3&theater,@asambleaterritorialelcastillo,Datos ollas comunes,,Asamblea Territorial El Castillo,200526.00000000000,2059.00000000000,./0.png
-70.6356086,-33.5766375,84.00000000000,olla_comun,,Komedor Solidario Norma Vergara,200523.00000000000,200529.00000000000,Huerta Parque Las Américas,Varios,Abraham Lincoln con Lo Martinez,La Pintana,13112.00000000000,12.00000000000,si,-70.63560860000,-33.57663750000,47RFC9F7+8Q,https://www.facebook.com/photo.php?fbid=3312042768828637&set=a.618916511474623&type=3&theater,@asambleaterritorialelcastillo,Olla común móvil,,Asamblea Territorial El Castillo,200526.00000000000,2059.00000000000,./0.png
-70.5419072,-33.4566339,85.00000000000,once_comunitaria,,VLR Garra Blanca,0.00000000000,200527.00000000000,Feria libre Quinchamalí,Villa La Reina,Quinchamalí con Chapilca,La Reina,13113.00000000000,0.00000000000,si,-70.54190720000,-33.45663390000,47RFGFV5+86,,,¡El pueblo ayuda al pueblo organizado!. Once comunitaria,,OllasComunes_Chi_Wall,200526.00000000000,0.00000000000,./0.png
-70.5387348,-33.453194,86.00000000000,olla_comun,,Comité S. Los Queñes,200524.00000000000,200527.00000000000,Espacio público,Villa La Reina,Quinchamali 147,La Reina,13113.00000000000,2.00000000000,si,-70.53873480000,-33.45319400000,47RFGFW6+PG,,,¡El pueblo ayuda al pueblo organizado!. Olla comun: carbonada,,OllasComunes_Chi_Wall,200525.00000000000,0.00000000000,./0.png
-70.5419072,-33.4566339,87.00000000000,olla_comun,,VLR Garra Blanca,0.00000000000,200530.00000000000,Feria libre Quinchamalí,Villa La Reina,Quinchamalí con Chapilca,La Reina,13113.00000000000,3.00000000000,si,-70.54190720000,-33.45663390000,47RFGFV5+86,,,¡El pueblo ayuda al pueblo organizado!. Tallarinata,,OllasComunes_Chi_Wall,200526.00000000000,0.00000000000,./0.png
-70.5389626,-33.4540096,88.00000000000,olla_comun,,La Reina sin censuras,0.00000000000,200531.00000000000,Espacio público,Villa La Reina,Quinchamali 230,La Reina,13113.00000000000,4.00000000000,si,-70.53896260000,-33.45400960000,47RFGFW6+9C,,,¡El pueblo ayuda al pueblo organizado!. Olla comun: pantrucas,,OllasComunes_Chi_Wall,200526.00000000000,0.00000000000,./0.png
-70.6928446,-33.5050364,89.00000000000,olla_comun,,,0.00000000000,200523.00000000000,,Población José María Caro,Dos Norte 3863,Lo Espejo,13116.00000000000,0.00000000000,si,-70.69284460000,-33.50503640000,47RFF8V4+XV,,,,,OllasComunes_Chi_Wall,200525.00000000000,0.00000000000,./0.png
-70.7107078,-33.4416194,90.00000000000,olla_comun,,Asamblea comunal Lo Prado,0.00000000000,200523.00000000000,Sede Junta de Vecinos Nro. 21,Villa Caupolicán (Villa María Luisa Bombal),Los Copihues 5462,Lo Prado,13117.00000000000,0.00000000000,si,-70.71070780000,-33.44161940000,47RFH75Q+9P,https://www.facebook.com/Asamblea-Comunal-Lo-Prado-100285151604387/,,,,OllasComunes_Chi_Wall,200525.00000000000,0.00000000000,./0.png
-1.79769313486232e+308,-1.79769313486232e+308,91.00000000000,olla_comun,,Asamblea comunal Lo Prado,0.00000000000,200524.00000000000,,Población María Luisa Bombal,Puerto Rico 8099,Lo Prado,13117.00000000000,2.00000000000,si,-70.73827240000,0.00000000000,47RFH766+QM,,@ollacomunT1.lp2,"Comunitaria, solidaria, popular y autogestionada. Solo el pueblo ayuda al pueblo",,Opal Chile,200526.00000000000,2322.00000000000,./0.png
-70.7253377,-33.4436558,92.00000000000,olla_comun,,Asamblea comunal Lo Prado,0.00000000000,200524.00000000000,,Población María Luisa Bombal,Las Margaritas 827,Lo Prado,13117.00000000000,3.00000000000,si,-70.72533770000,-33.44365580000,47RFH74F+GV,,@ollacomunT1.lp2,"Comunitaria, solidaria, popular y autogestionada. Solo el pueblo ayuda al pueblo",,Opal Chile,200526.00000000000,2322.00000000000,./0.png
-70.721008,-33.444529,93.00000000000,olla_comun,,Vecinos presentes,0.00000000000,200527.00000000000,,,San Alberto 775,Lo Prado,13117.00000000000,4.00000000000,si,-70.72100800000,-33.44452900000,H74H+5H Santiago,https://www.facebook.com/photo.php?fbid=119887583059474&set=p.119887583059474&type=3&theater,,,,Opal Chile,200524.00000000000,0.00000000000,./0.png
-70.714392,-33.4535019,94.00000000000,olla_comun,acopio_solidario,Vecinos y vecinas organizad@s,0.00000000000,200531.00000000000,Sede Junta de Vecinos Nro. 17 Lo Prado,Poblacion Villa O'Higgins,Santa Marta 128,Lo Prado,13117.00000000000,5.00000000000,si,-70.71439200000,-33.45350190000,47RFG7WP+H6,https://www.facebook.com/photo.php?fbid=142016340752613&set=a.108959970724917&type=3&theat,,"Sabemos que muchxs lo están pasando mal debido a la crisis económica y sanitaria. Es por esto, que con la junta de vecinos Nro. 17, estamos poniendo en pie nuestra primera olla comunitaria.Les saludamos y dejamos coordialmente invitadxs para este domin",,Pagina_Asamblea,200529.00000000000,1345.00000000000,./0.png
-70.7669316,-33.5528734,95.00000000000,acopio_solidario,olla_comun,El Abrazo solidarios,0.00000000000,200523.00000000000,,Villa El Abrazo,Esdras 1393,Maipú,13119.00000000000,0.00000000000,si,-70.76693160000,-33.55287340000,47RFC6WM+V6,,,Frente a la politica del hambre y la total desproteccion de trabajadores y trabajadoras,,OllasComunes_Chi_Wall,200525.00000000000,0.00000000000,./0.png
-70.7712011,-33.5459953,96.00000000000,acopio_solidario,olla_comun,El Abrazo solidarios,0.00000000000,200523.00000000000,,Villa El Abrazo,Talmud 749,Maipú,13119.00000000000,2.00000000000,si,-70.77120110000,-33.54599530000,47RFF63H+JG,,,Frente a la politica del hambre y la total desproteccion de trabajadores y trabajadoras,,OllasComunes_Chi_Wall,200525.00000000000,0.00000000000,./0.png
-70.7632728,-33.5492814,97.00000000000,acopio_solidario,olla_comun,El Abrazo solidarios,0.00000000000,200523.00000000000,,Villa El Abrazo,Egipto 1487,Maipú,13119.00000000000,3.00000000000,si,-70.76327280000,-33.54928140000,47RFF62P+7M,,,Frente a la politica del hambre y la total desproteccion de trabajadores y trabajadoras,,OllasComunes_Chi_Wall,200525.00000000000,0.00000000000,./0.png
-70.7759772,-33.5431946,98.00000000000,acopio_solidario,olla_comun,El Abrazo solidarios,0.00000000000,200523.00000000000,,Villa El Abrazo,Egipto 284,Maipú,13119.00000000000,4.00000000000,si,-70.77597720000,-33.54319460000,47RFF64F+PJ,,,Frente a la politica del hambre y la total desproteccion de trabajadores y trabajadoras,,OllasComunes_Chi_Wall,200525.00000000000,0.00000000000,./0.png
-70.776399,-33.498335,99.00000000000,olla_comun,acopio_solidario,Olla Comun El Despertar,0.00000000000,200523.00000000000,Sede comunitaria Junta de vecinos,Villa General Baquedano,Desinfre con Atila,Maipú,13119.00000000000,5.00000000000,si,-70.77639900000,-33.49833500000,G62F+MC Santiago,,,Todos somos 1,,Opal Chile,200524.00000000000,0.00000000000,./0.png
-70.7590508,-33.4816269,100.00000000000,acopio_solidario,olla_comun,,0.00000000000,200523.00000000000,,"Villa San Luis, Sector Thomas Mix, etapa 2",Pasaje Los Digueñes 262,Maipú,13119.00000000000,6.00000000000,si,-70.75905080000,-33.48162690000,47RFG69R+89,,,"En tiempos de crisis, Solo el pueblo ayuda al pueblo",,OllasComunes_Chi_Wall,200525.00000000000,0.00000000000,./0.png
-70.7455006,-33.4933587,101.00000000000,acopio_solidario,,Asamblea Territorial 18 de Octubre,0.00000000000,200524.00000000000,,Barrio Las Rosas,Primo de Rivera 934,Maipú,13119.00000000000,7.00000000000,si,-70.74550060000,-33.49335870000,47RFG743+MQ,,,Solo el pueblo ayuda al pueblo. Hasta que la dignidad se haga costumbre,,OllasComunes_Chi_Wall,200525.00000000000,0.00000000000,./0.png
-70.7343892,-33.4879942,102.00000000000,acopio_solidario,,Asamblea Territorial 18 de Octubre,0.00000000000,200524.00000000000,,Barrio Las Rosas,Av. Lumen 4197,Maipú,13119.00000000000,8.00000000000,si,-70.73438920000,-33.48799420000,19HCC3886893265,,,Solo el pueblo ayuda al pueblo. Hasta que la dignidad se haga costumbre,,OllasComunes_Chi_Wall,200525.00000000000,0.00000000000,./0.png
-70.7374906,-33.488714,103.00000000000,acopio_solidario,,Asamblea Territorial 18 de Octubre,0.00000000000,200524.00000000000,,Barrio Las Rosas,Las Golondrinas Oriente 4143,Maipú,13119.00000000000,9.00000000000,si,-70.73749060000,-33.48871400000,47RFG767+G2,,,Solo el pueblo ayuda al pueblo. Hasta que la dignidad se haga costumbre,,OllasComunes_Chi_Wall,200525.00000000000,0.00000000000,./0.png
-70.7861801,-33.5114756,104.00000000000,olla_comun,,"Junta de Vecinos Villa San Luis 4;Colonias Urbanas Cruzando Fronteras",200525.00000000000,200525.00000000000,Sede Junta de Vecinos Villa San Luis 4,Villa San Luis 4,Candelaria 1998,Maipú,13119.00000000000,10.00000000000,si,-70.78618010000,-33.51147560000,47RFF6Q7+CG,,,"Lunes, miercoles y viernes",,OllasComunes_Chi_Wall,200525.00000000000,0.00000000000,./0.png
-70.7500442,-33.5169395,105.00000000000,olla_comun,,Orgánica 4 Alamos (O4A),0.00000000000,200527.00000000000,Sede Junta de Vecinos Población 4 Alamos,Población 4 Alamos,"Santa Gemita 906, Maipú",Maipú,13119.00000000000,11.00000000000,si,-70.75004420000,-33.51693950000,47RFF6MX+6X,,,"Solo el pueblo ayuda al pueblo. Ante Un Desgobierno Solo Queda La Organización. Reunion en  Block 1, dpto. 202",,OllasComunes_Chi_Wall,200525.00000000000,0.00000000000,./0.png
-70.7707577,-33.542452,106.00000000000,olla_comun,acopio_solidario,"Asamblea Territorial Villa San Juan, Maipú",0.00000000000,200530.00000000000,Sede Junta de Vecinos Justicia Y Esperanza,Villa San Juan,Abisinia Con Neptuno,Maipú,13119.00000000000,12.00000000000,si,-70.77075770000,-33.54245200000,47RFF65H+2M,,,Solo el pueblo ayuda al pueblo,,OllasComunes_Chi_Wall,200525.00000000000,0.00000000000,./0.png
-70.58066,-33.4571914,107.00000000000,acopio_solidario,,Organizaciones populares de Isla de Maipo,0.00000000000,200523.00000000000,,Villa Frei,"Bucalemu 447, dpto 106",Ñuñoa,13120.00000000000,0.00000000000,si,-70.58066000000,-33.45719140000,47RFGCV9+4P,,,,,Apoya_a_tu_olla_comun,200525.00000000000,0.00000000000,./0.png
-70.67977,-33.496398,108.00000000000,olla_comun,acopio_solidario,Ñuke Mapu Cooperativa de Vivienda,0.00000000000,200522.00000000000,,Villa Sur,Guanaqueros 3559,Pedro Aguirre Cerda,13121.00000000000,0.00000000000,si,-70.67977000000,-33.49639800000,G83C+C3 Pedro Aguirre Cerda,,,,,Apoya la olla,200525.00000000000,0.00000000000,./0.png
-70.676491,-33.489861,109.00000000000,olla_comun,acopio_alimentos,Asamble de Pobladores La Victoria,0.00000000000,200523.00000000000,Centro Cultural y de Formación Pedro Mariqueo,Población La Victoria,Treinta de Octubre 3171-3193,Pedro Aguirre Cerda,13121.00000000000,2.00000000000,si,-70.67649100000,-33.48986100000,G86F+3C Pedro Aguirre Cerda,https://www.facebook.com/asambleapobladorxsLaVictoria/?__tn__=kCH-R&eid=ARCoaGYz0zniaZsBOLzY3MuHUTiqDIuTD3QIRcrnTWuHSpsb36iqCeMO6Bjf9aT_csfnktB2EB6mqaCT&hc_ref=ARTCCDIUp4E2q5_AhEL9ly0YAza1gK9TctowYGsA9UgpWk61uA5rXtQakxe7Jtp9ODY&fref=nf&__xts__[0]=68.ARB2,,,,Opal Chile,200524.00000000000,0.00000000000,./0.png
-70.6824562,-33.5064677,110.00000000000,olla_comun,acopio_solidario,Vecinos presentes,0.00000000000,200524.00000000000,Espacio público,PAC Sur,Avenida Lo Ovalle y Clotario Blest,Pedro Aguirre Cerda,13121.00000000000,3.00000000000,si,-70.68245620000,-33.50646770000,47RFF8V9+C2,,,Solo el pueblo ayuda al pueblo.Compañerxs de la zona sur PAC Se organizan en solidaridad y apoyo mutuo OLLA COMÚN A las 2 venga no más oigaa!,,OllasComunes_Chi_Wall,200525.00000000000,0.00000000000,./0.png
-70.6777999,-33.4872395,111.00000000000,olla_comun,,,0.00000000000,200524.00000000000,Espacio público,Población La Victoria,Estrella Blanca con Ramon Parra,Pedro Aguirre Cerda,13121.00000000000,4.00000000000,si,-70.67779990000,-33.48723950000,47RFG87C+4V,,,Todos los domingos. Solo el pueblo ayuda al pueblo.,,OllasComunes_Chi_Wall,200526.00000000000,0.00000000000,./0.png
-70.6801957,-33.4950595,112.00000000000,olla_comun,,Asamblea Popular P.A.C. en lucha,0.00000000000,200524.00000000000,Plaza Villa Sur,Villa Sur,Paseo Grohnert y Cavilolén,Pedro Aguirre Cerda,13121.00000000000,5.00000000000,si,-70.68019570000,-33.49505950000,47RFG839+XW,@Asambleapopularpacenlucha,,Solo el pueblo ayuda al pueblo,,OllasComunes_Chi_Wall,200525.00000000000,0.00000000000,./0.png
-70.6755709,-33.5021645,113.00000000000,olla_comun,,"Junta de Vecinos Población Dávila; Red Social Dávila Segura; Radio Alhué",200524.00000000000,200525.00000000000,Sede Junta de Vecinos Población Dávila,Población Dávila,Palena 2875,Pedro Aguirre Cerda,13121.00000000000,6.00000000000,si,-70.67557090000,-33.50216450000,47RFF8XF+4Q,,,Olla comun solidaria,,OllasComunes_Chi_Wall,200525.00000000000,0.00000000000,./0.png
-70.6774221,-33.4837424,114.00000000000,olla_comun,,Vecinos presentes,0.00000000000,200525.00000000000,Casa familiar,Población La Victoria,Aurora de Chile con Dos de Abril,Pedro Aguirre Cerda,13121.00000000000,7.00000000000,si,-70.67742210000,-33.48374240000,47RFG88F+G2,https://www.facebook.com/eliana.labarca.733?__tn__=%2CdlCH-R-R&eid=ARAtEiNxPk0mZi-5EtrfpR-mC3fXc_5w7ZXuGMhBMXvfh1kvPWtZppiW6pTTSz6GljJm5cM5QirpzRW-&hc_ref=ARTDfz89neYLRYoSKI9tzRNa7SrC2x8xmt7KQaXY1y13p0ZHaDysOgqBvy18y4PpFQI&hc_location=group,,Solo el pueblo ayuda al pueblo,,OllasComunes_Chi_Wall,200525.00000000000,0.00000000000,./0.png
-70.67977,-33.496398,115.00000000000,once_comunitaria,,Ñuke Mapu Cooperativa de Vivienda,0.00000000000,200527.00000000000,,Villa Sur,Guanaqueros 3559,Pedro Aguirre Cerda,13121.00000000000,8.00000000000,si,-70.67977000000,-33.49639800000,G83C+C3 Pedro Aguirre Cerda,,,"Once comun. Para leche, te o café, no olvides tu jarro",,,200527.00000000000,2310.00000000000,./0.png
-70.6750475,-33.4798214,116.00000000000,olla_comun,,Asamblea Territorial Población San Joaquín,200527.00000000000,200530.00000000000,Parroquia San Mateo,Población San Joaquín,Pedro Subercaseaux 3190,Pedro Aguirre Cerda,13121.00000000000,9.00000000000,si,-70.67504750000,-33.47982140000,47RFG8CF+3X,@Asambleapopularpacenlucha,,Solo el pueblo ayuda al pueblo,,OllasComunes_Chi_Wall,200525.00000000000,0.00000000000,./0.png
-70.6624641,-33.4896132,117.00000000000,olla_comun,,Asamblea Popular La Marina P.A.C.,0.00000000000,200531.00000000000,Espacio público,Poblacion La Marina,Julieta 4234,Pedro Aguirre Cerda,13121.00000000000,10.00000000000,si,-70.66246410000,-33.48961320000,47RFG86Q+52,https://www.facebook.com/photo.php?fbid=2947844468586566&set=a.435589643145407&type=3&theater,@asamblealamarina,La dignidad y la solidaridad solo la da el pueblo. El virus es el capitalismo,,OllasComunes_Chi_Wall,200528.00000000000,1214.00000000000,./0.png
-70.6795491,-33.4938282,118.00000000000,olla_comun,acopio_solidario,Vecinos y vecinas organizad@s,0.00000000000,200531.00000000000,Plaza Bernardo,Villa Sur,Paseo Grohnert con Tilama,Pedro Aguirre Cerda,13121.00000000000,11.00000000000,si,-70.67954910000,-33.49382820000,47RFG84C+F5,https://www.facebook.com/Asambleapopularpacenlucha/photos/pcb.187261709396289/187261669396293/?type=3&theater,,Olla comun del pueblo para el pueblo. Desde las 1300 horas. Se aceptan donaciones,,Asamblea Popular P.A.C en lucha,200528.00000000000,1656.00000000000,./0.png
-70.5767864,-33.4755307,119.00000000000,olla_comun,acopio_solidario,Comunidad Mapuche Kiñe Mullfun,200101.00000000000,20522.00000000000,,Población Lo Hermida,El Valle 5817,Peñalolen,13122.00000000000,0.00000000000,si,-70.57678640000,-33.47553070000,47RFGCFF+Q7,https://www.facebook.com/PerioElIrreverente/?__tn__=%2CdkCH-R-R&eid=ARAkOpOz7opv2UsAWdE4MpGZP-08PDufH6MN-33m3PQqIKdlcfy5SIMKBcVmtPxPTW9ro4sLdFj9s7Ah&hc_ref=ARQnOMbZcvd8rkBteZSyjLRI3BUjFZDsq1gjmLTtv8kbBk_NVNQcAX_Mcl0TeKQ_WlA&fref=nf&hc_location=group,,"Comienza a funcionar a inicios de 2020. ""Olla comun, territorio Lo Hermida, activa, rebelde, agresiva y combativa"". Entrega de cajas solidarias, olla comun.",,OllasComunes_Chi_Wall,200525.00000000000,0.00000000000,./0.png
-70.5776166,-33.4786561,120.00000000000,olla_comun,,Vecinos presentes,0.00000000000,200522.00000000000,,Población Lo Hermida,Florencia 2330,Peñalolen,13122.00000000000,2.00000000000,si,-70.57761660000,-33.47865610000,47RFGCCC+GX,,,,,Pinkoyanizate,200525.00000000000,0.00000000000,./0.png
-70.5751774,-33.5066476,121.00000000000,olla_comun,,Vecinos presentes,0.00000000000,200523.00000000000,Espacio público,"Villa El Cobre; Villa San Luis",San Luis de Macúl y Los Cerezos,Peñalolen,13122.00000000000,3.00000000000,si,-70.57517740000,-33.50664760000,47RFFCVF+8W,,,Solo el pueblo ayuda al pueblo,,OllasComunes_Chi_Wall,200525.00000000000,0.00000000000,./0.png
-70.5427695,-33.471398,122.00000000000,olla_comun,,Capucha Gastronómica,0.00000000000,200524.00000000000,,Villa El Cardenal,Las Parcelas 1897,Peñalolen,13122.00000000000,4.00000000000,si,-70.54276950000,-33.47139800000,47RFGFH4+CV,,,,,OllasComunes_Chi_Wall,200525.00000000000,0.00000000000,./0.png
-70.5649455,-33.4755434,123.00000000000,olla_comun,acopio_solidario,Junta de Vecinos Nro. 18 Lo Hermida,0.00000000000,200525.00000000000,Sede Junta de Vecinos Nro. 18 Lo Hermida,Lo Hermida,Altiplano 6587,Peñalolen,13122.00000000000,5.00000000000,si,-70.56494550000,-33.47554340000,47RFGCFP+Q2,https://www.facebook.com/Junta-de-Vecinos-Nro-18-Lo-Hermida-454444781270125/?__tn__=%2CdkCH-R-R&eid=ARDLboK1jJ2wDNTmnfxruDi_RbQw01kUsHC15SzP4nK5JwRXN-Ygg2XWXmwm_3llXaP_R6m10sja8EWY&hc_ref=ARSfd-oz4favMY51fdd-nPbCtcuPmyYDjg8ghEggWQubG0ewb2YJBdI4HUzlX2Odrv,,Solo el pueblo ayuda al pueblo,,OllasComunes_Chi_Wall,200525.00000000000,0.00000000000,./0.png
-70.5658895,-33.478955,124.00000000000,acopio_solidario,,Acopio solidario de alimentos,0.00000000000,200525.00000000000,Sede Junta de Vecinos Villa Cinco Estrellas,Villa Cinco Estrellas,Av. Caracas 2250,Peñalolen,13122.00000000000,6.00000000000,si,-70.56588950000,-33.47895500000,47RFGCCM+CJ,https://www.facebook.com/canal.penalolen/photos/a.350961101662956/3038712806221092/?type=3&theater,,Solo el pueblo ayuda al pueblo,,OllasComunes_Chi_Wall,200525.00000000000,0.00000000000,./0.png
-70.524901,-33.4833,125.00000000000,olla_comun,acopio_solidario,"Olla Comun ""el pueblo ayuda al pueblo"" (Junta de Vecinos Villa San Luis 4, Colonias Urbanas Cruzando Fronteras, Sembrando sonrisas, Agrupacion de Discapacitados e Hipertensos)",0.00000000000,200525.00000000000,Sede Junta de Vecinos Villa San Luis 4,Villa San Luis 4,La Candelaria 1998,Peñalolen,13122.00000000000,7.00000000000,si,-70.52490100000,-33.48330000000,47RFGF8G+M2,https://www.facebook.com/canal.penalolen/?__tn__=%2CdkCH-R-R&eid=ARCYcDU3c9V3HT5kmzFRCjUNZTAjoemehOhitBFvqis7ht5BAEpwDY0RIWtwx9mXtQAfEFkt6S6TzhGj&hc_ref=ARS1QlPqMWB49JrMoum7GQ_w43hXj-V78C_TOrbpUFjJKhEHXNBhANRU0U8C_pdtMm4&fref=nf&hc_location=group,,Solo el pueblo ayuda al pueblo,,OllasComunes_Chi_Wall,200525.00000000000,0.00000000000,./0.png
-70.765565,-33.439382,127.00000000000,olla_comun,acopio_solidario,Olla Comun Villa Manuel Acevedo,0.00000000000,200523.00000000000,junta de vecinos Manuel Acevedo 7-B,Villa Manuel Acevedo,Andes 9176,Pudahuel,13124.00000000000,0.00000000000,si,-70.76556500000,-33.43938200000,H66M+6Q Santiago,,,Olla comun,,Opal Chile,200524.00000000000,0.00000000000,./0.png
-70.7537004,-33.4654068,128.00000000000,olla_comun,,Confluyentes Pudahuel,200523.00000000000,200524.00000000000,Sede Junta de Vecinos,,La Estrella y Los Mares,Pudahuel,13124.00000000000,2.00000000000,si,-70.75370040000,-33.46540680000,47RFG6MW+RG,https://www.facebook.com/photo.php?fbid=10221847853369859&set=pcb.182923819639653&type=3&theater&ifg=1,@Confluyentespudahuel,Solo el pueblo ayuda al pueblo,,OllasComunes_Chi_Wall,200525.00000000000,0.00000000000,./0.png
-70.7572585,-33.4640397,129.00000000000,acopio_solidario,,Un millón de cosas buenas,0.00000000000,200529.00000000000,Sede Vecinal,Pudahuel Sur,Labreles con Oceanía,Pudahuel,13124.00000000000,3.00000000000,si,-70.75725850000,-33.46403970000,47RFG6PV+93,https://www.facebook.com/sea.assembly.1?__tn__=%2CdC-R-R&eid=ARBLKRybo7qDgMaxAUznJ_vIXb_XozKJah28Z22qf8E1N6uEvTwOurKM9s_CjklL6xQHtYroWEOZo_9t&hc_ref=ARQ8M5nXxaABmpVbWwiI0tAcAJzreuHu5lneWi7MMZWdwZmO6WCyjxOd7H8_NfspdrA&fref=nf,,"Asamblea Mar de Drake. ""De la indignacion a la Acción Popular"".Rompe las cadenas!, no estás sólo. Somos un pueblo unido y juntos saldremos de ésta.",,Pagina_Asamblea,200529.00000000000,1528.00000000000,./0.png
-70.7496386,-33.462778,130.00000000000,olla_comun,acopio_solidario,Luchin de Barrancas,0.00000000000,200530.00000000000,,Pudahuel Sur,Laguna del Inca con Mar de Las Antillas,Pudahuel,13124.00000000000,4.00000000000,si,-70.74963860000,-33.46277800000,47RFG7P2+V4,https://www.facebook.com/sea.assembly.1?__tn__=%2CdC-R-R&eid=ARBLKRybo7qDgMaxAUznJ_vIXb_XozKJah28Z22qf8E1N6uEvTwOurKM9s_CjklL6xQHtYroWEOZo_9t&hc_ref=ARQ8M5nXxaABmpVbWwiI0tAcAJzreuHu5lneWi7MMZWdwZmO6WCyjxOd7H8_NfspdrA&fref=nf,,"Asamblea Mar de Drake. ""De la indignacion a la Acción Popular"".Rompe las cadenas!, no estás sólo. Somos un pueblo unido y juntos saldremos de ésta.",,Pagina_Asamblea,200529.00000000000,1528.00000000000,./0.png
-70.7602435,-33.4558971,131.00000000000,acopio_solidario,,Un millón de cosas buenas,0.00000000000,200530.00000000000,Sede Vecinal,Pudahuel Sur,Abeto con Tierra del Fuego,Pudahuel,13124.00000000000,5.00000000000,si,-70.76024350000,-33.45589710000,47RFG6VQ+JW,https://www.facebook.com/sea.assembly.1?__tn__=%2CdC-R-R&eid=ARBLKRybo7qDgMaxAUznJ_vIXb_XozKJah28Z22qf8E1N6uEvTwOurKM9s_CjklL6xQHtYroWEOZo_9t&hc_ref=ARQ8M5nXxaABmpVbWwiI0tAcAJzreuHu5lneWi7MMZWdwZmO6WCyjxOd7H8_NfspdrA&fref=nf,,"Asamblea Mar de Drake. ""De la indignacion a la Acción Popular"".Rompe las cadenas!, no estás sólo. Somos un pueblo unido y juntos saldremos de ésta.",,Pagina_Asamblea,200529.00000000000,1528.00000000000,./0.png
-70.7313405,-33.4610218,132.00000000000,olla_comun,acopio_solidario,Resistencia Pudahuel,0.00000000000,200531.00000000000,,Pudahuel Sur,Las Torres con Laguna Sur,Pudahuel,13124.00000000000,6.00000000000,si,-70.73134050000,-33.46102180000,47RFG7Q9+HF,https://www.facebook.com/sea.assembly.1?__tn__=%2CdC-R-R&eid=ARBLKRybo7qDgMaxAUznJ_vIXb_XozKJah28Z22qf8E1N6uEvTwOurKM9s_CjklL6xQHtYroWEOZo_9t&hc_ref=ARQ8M5nXxaABmpVbWwiI0tAcAJzreuHu5lneWi7MMZWdwZmO6WCyjxOd7H8_NfspdrA&fref=nf,,"Asamblea Mar de Drake. ""De la indignacion a la Acción Popular"".Rompe las cadenas!, no estás sólo. Somos un pueblo unido y juntos saldremos de ésta.",,Pagina_Asamblea,200529.00000000000,1528.00000000000,./0.png
-70.755118,-33.4634129,133.00000000000,comedor_comunitario,,Colectivo Promedio Rojo,0.00000000000,200531.00000000000,,Pudahuel Sur,Ara con Casiopea,Pudahuel,13124.00000000000,7.00000000000,si,-70.75511800000,-33.46341290000,47RFG6PV+JX,https://www.facebook.com/sea.assembly.1?__tn__=%2CdC-R-R&eid=ARBLKRybo7qDgMaxAUznJ_vIXb_XozKJah28Z22qf8E1N6uEvTwOurKM9s_CjklL6xQHtYroWEOZo_9t&hc_ref=ARQ8M5nXxaABmpVbWwiI0tAcAJzreuHu5lneWi7MMZWdwZmO6WCyjxOd7H8_NfspdrA&fref=nf,,"Asamblea Mar de Drake. ""De la indignacion a la Acción Popular"".Rompe las cadenas!, no estás sólo. Somos un pueblo unido y juntos saldremos de ésta.",,Pagina_Asamblea,200529.00000000000,1528.00000000000,./0.png
-1.79769313486232e+308,-1.79769313486232e+308,134.00000000000,olla_comun,acopio_solidario,Comite de cesantes de Quilicura,200421.00000000000,200425.00000000000,,,4 Oriente con Ramon Rosales,Quilicura,13125.00000000000,0.00000000000,si,0.00000000000,-33.37147500000,J7HM+C3 Santiago,https://www.facebook.com/photo.php?fbid=101657774864644&set=picfp.100050612643346&type=3&theater,,,,Comite de cesantes de Quilicura,200524.00000000000,0.00000000000,./0.png
-70.759353,-33.363622,136.00000000000,olla_comun,ropero_solidario,"Comite de cesantes de Quilicura;Comando Chile Digno",200516.00000000000,200523.00000000000,Sede Junta de Vecinos Villa Beato Padre Hurtado,Villa Beato Padre Hurtado,Jesus Obrero 571 24A,Quilicura,13125.00000000000,3.00000000000,si,-70.75935300000,-33.36362200000,J6PR+H7 Santiago,https://www.facebook.com/quilicura.aprueba.77?__tn__=CH-R&eid=ARCEh20JCqggWXex6MeYBkgaRRi4SiFFbtDzD36uonc1R5bSt1JPtj-lbHsrAEE5_bAr2er65u4xKWlg&hc_ref=ART2nZ067-ZtKCSnCn_3aZL3QuJ4gigXg8DCTWfleaZBDUbrgMIcXdEMFi7xgxs_Qj8&fref=nf,https://www.facebook.com/comite.cesantesquilicura.9?__tn__=%2CdKH-R-R&eid=ARAwe1AHFnuXLIczStVixBOwXeluXfwzMG8vpJYytKR6bCPy4d7af3sdUwIAB_VLj2GslSQjvFM4ZjFE&fref=mentions&hc_location=group,"No queremos que nadie se quede con hambre. ""Sólo el pueblo, ayuda al pueblo",,Pinkoyanizate,200524.00000000000,0.00000000000,./0.png
-70.7529727,-33.3643861,137.00000000000,olla_comun,,,0.00000000000,200524.00000000000,Espacio público,"Población San Luis (Población Parinacota, Población El Risto)",Santuario El Cristo de Quilicura,Quilicura,13125.00000000000,4.00000000000,si,-70.75297270000,-33.36438610000,47RFJ6PW+6R,,,Olla Comun en el Santuario el Cristo de Quilicura,,OllasComunes_Chi_Wall,200525.00000000000,0.00000000000,./0.png
-70.7190891,-33.3606524,138.00000000000,acopio_solidario,,"AT Las Torres; JJVV Villa Francisco Gonzalez; Red Solidaria Quilicura",0.00000000000,200525.00000000000,,Villa Juan Francisco Gonzalez,Los Oceanicos 187,Quilicura,13125.00000000000,5.00000000000,si,-70.71908910000,-33.36065240000,47RFJ7QJ+P9,,,El pueblo ayuda al pueblo. Acopio solidario para nuestrxs vecinxs. La solidaridad y empatia son el frente de lucha ante un gobierno ausente y negacionista. Avanzar en redes de ayuda entre pobladores!!,,RedApoyoComunitario_ZN_RM,200527.00000000000,1220.00000000000,./0.png
-70.739374,-33.366938,139.00000000000,olla_comun,acopio_solidario,Organizaciones sociales de Quilicura,200417.00000000000,200525.00000000000,,Villa Raúl Silva Henriquez,Luis Zegers 423,Quilicura,13125.00000000000,6.00000000000,si,-70.73937400000,-33.36693800000,J7M6+66 Quilicura,https://www.facebook.com/groups/231717748081944/?fref=mentions,,,,,200524.00000000000,0.00000000000,./0.png
-70.7089996,-33.4361693,141.00000000000,acopio_solidario,,Asamblea de Vecinos Lo Besa,200413.00000000000,200521.00000000000,,Barrio Lo Besa,Gaspar de Toro 1369,Quinta Normal,13126.00000000000,0.00000000000,si,-70.70899960000,-33.43616930000,47RFH77R+GC,https://www.facebook.com/asamblea.lobesa,,,,Apoya la olla,200525.00000000000,0.00000000000,./0.png
-70.711774,-33.436329,142.00000000000,acopio_solidario,,Asamblea de Vecinos Lo Besa,200413.00000000000,200521.00000000000,,Barrio Lo Besa,Vicuña Rozas 5483,Quinta Normal,13126.00000000000,2.00000000000,si,-70.71177400000,-33.43632900000,H77Q+F7 Santiago,https://www.facebook.com/asamblea.lobesa,,,,Apoya la olla,200525.00000000000,0.00000000000,./0.png
-70.718523,-33.436926,143.00000000000,olla_comun,acopio_solidario,Olla Comun,0.00000000000,200522.00000000000,Casa familiar,,Saturno esquina Camino de Loyola,Quinta Normal,13126.00000000000,3.00000000000,si,-70.71852300000,-33.43692600000,H77J+6H Santiago,,,"a la memoria de nuestro hijo hermano esposo y amigo Wally Gajardo Lobos un gran luchador social, quien sinfn duda estaría hoy luchando junto al Pueblo, hasta la victoria final",,Opal Chile,200524.00000000000,0.00000000000,./0.png
-70.7119609,-33.4340797,144.00000000000,olla_comun,acopio_solidario,Asamblea de Vecinos Lo Besa,200518.00000000000,200525.00000000000,,Barrio Lo Besa,Maximiliano ibañez 1487,Quinta Normal,13126.00000000000,4.00000000000,si,-70.71196090000,-33.43407970000,47RFH78Q+96,https://www.facebook.com/asamblea.lobesa,,,,Apoya la olla,200525.00000000000,0.00000000000,./0.png
-70.714937,-33.436968,145.00000000000,acopio_solidario,,Grupo Apoyo Mutuo,0.00000000000,0.00000000000,,,Leonor de La Corte 5623,Quinta Normal,13126.00000000000,5.00000000000,si,-70.71493700000,-33.43696800000,H77P+62 Santiago,,,,,Apoya la olla,200525.00000000000,0.00000000000,./0.png
-70.6505963,-33.3873869,146.00000000000,acopio_solidario,,Colectivo Lo Aranguiz,0.00000000000,200520.00000000000,Plaza Lo Aránguiz,Población Zapadores,Los Zapadores 1074,Recoleta,13127.00000000000,0.00000000000,si,-70.65059630000,-33.38738690000,47RFJ87X+2Q,https://www.facebook.com/LoAranguiz.Colectivo/,,,,Apoya la olla,200525.00000000000,0.00000000000,./0.png
-70.6439746,-33.3877143,147.00000000000,olla_comun,,Colectivo Lo Aranguiz,0.00000000000,200520.00000000000,Plaza Lo Aránguiz,Población Zapadores,Alfredo Rosende 777,Recoleta,13127.00000000000,2.00000000000,si,-70.64397460000,-33.38771430000,47RFJ964+WC,https://www.facebook.com/LoAranguiz.Colectivo/,,,,Apoya la olla,200525.00000000000,0.00000000000,./0.png
-70.6374375,-33.3925429,148.00000000000,olla_comun,,Colectivo Lo Aranguiz,0.00000000000,200523.00000000000,Sede Junta de Vecinos José Santos Ossa,Población José Santos Ossa,José Santos Ossa 3544,Recoleta,13127.00000000000,3.00000000000,si,-70.63743750000,-33.39254290000,47RFJ947+X2,https://www.facebook.com/LoAranguiz.Colectivo/photos/a.136413634640845/141106654171543/?type=3&theater,,,,Apoya la olla,200525.00000000000,0.00000000000,./0.png
-70.6359274,-33.3884739,149.00000000000,olla_comun,,Vecinos y vecinas organizad@s,0.00000000000,200524.00000000000,,Población Angela Davis,José Santos Ossa 3903,Recoleta,13127.00000000000,4.00000000000,si,-70.63592740000,-33.38847390000,47RFJ967+JJ,,,,,OllasComunes_Chi_Wall,200526.00000000000,2206.00000000000,./0.png
-70.6414484,-33.4340518,150.00000000000,acopio_solidario,,Vecinos y vecinas organizad@s,0.00000000000,200525.00000000000,,Barrio Patronato,Bellavista 180,Recoleta,13127.00000000000,5.00000000000,si,-70.64144840000,-33.43405180000,47RFH985+9C,,,Solo el pueblo ayuda al pueblo,,,200529.00000000000,1628.00000000000,./0.png
-70.7318675,-33.4088992,151.00000000000,olla_comun,,Junta de Vecinos Norte Unido. Población Norte Grande,0.00000000000,200523.00000000000,Sede Social Población Norte Grande,Población Norte Grande,Bucalemu 5673,Renca,13128.00000000000,0.00000000000,si,-70.73186750000,-33.40889920000,47RFH7R9+C7,,,El pueblo ayuda al pueblo. Gran porotada solidaria. Todos los sabados en la sede,,RedApoyoComunitario_ZN_RM,200527.00000000000,1109.00000000000,./0.png
-70.7373547,-33.4095388,152.00000000000,olla_comun,,Vecinos y vecinas organizad@s,0.00000000000,200524.00000000000,,Población Robinson,Topocalma con Esmeralda,Renca,13128.00000000000,2.00000000000,si,-70.73735470000,-33.40953880000,47RFH7R7+53,,,,,OllasComunes_Chi_Wall,200525.00000000000,0.00000000000,./0.png
-70.6837403,-33.4148804,153.00000000000,acopio_solidario,,Vecinos y vecinas organizad@s,0.00000000000,200525.00000000000,,Población General Manuel Bulnes,Jose Santiago Aldunate 2874,Renca,13128.00000000000,3.00000000000,si,-70.68374030000,-33.41488040000,47RFH8P8+2G,,,"Recolectamos alimentos no perecibles para ir en ayuda de nuestros vecinos que no lo estan pasando bien en estos momentos. No podemos estar indiferentes, aportemos. Hoy son ellos, mañana podemos ser nosotros. Campaña del amor",,RedApoyoComunitario_ZN_RM,200527.00000000000,1133.00000000000,./0.png
-70.6824682,-33.4160047,154.00000000000,acopio_solidario,,Vecinos y vecinas organizad@s,0.00000000000,200525.00000000000,,Población General Manuel Bulnes,Antonio Maceo 2779,Renca,13128.00000000000,4.00000000000,si,-70.68246820000,-33.41600470000,47RFH8M9+H2,,,"Recolectamos alimentos no perecibles para ir en ayuda de nuestros vecinos que no lo estan pasando bien en estos momentos. No podemos estar indiferentes, aportemos. Hoy son ellos, mañana podemos ser nosotros. Campaña del amor",,RedApoyoComunitario_ZN_RM,200527.00000000000,1133.00000000000,./0.png
-70.7246827,-33.4027857,155.00000000000,olla_comun,,Almuerzos solidarios Población La Alborada,0.00000000000,200525.00000000000,,Población Nueva Alborada,Los Cisnes 1528 (Pasaje Catorce),Renca,13128.00000000000,5.00000000000,si,-70.72468270000,-33.40278570000,47RFH7WG+V4,,,Contacto: Felipe +56949489100,,RedApoyoComunitario_ZN_RM,200527.00000000000,1159.00000000000,./0.png
-70.7041621,-33.4045666,156.00000000000,acopio_solidario,,Centro Cultural Trabun Amuley,0.00000000000,200526.00000000000,Sede Junta de Vecinos Población Maule 2,Población Maule 2,Blanco Encalada 1335,Renca,13128.00000000000,6.00000000000,si,-70.70416210000,-33.40456660000,47RFH7WW+58,,@trabun_amuley,Estaremos recolectando mercaderia frente al kiosko para seguir ayudando. Esperamos su apoyo,,RedApoyoComunitario_ZN_RM,200527.00000000000,1142.00000000000,./0.png
-70.7308113,-33.4078604,157.00000000000,olla_comun,,Vecinos y vecinas organizad@s,0.00000000000,200526.00000000000,,Población Robinson,Cruz Grande con El Cobre,Renca,13128.00000000000,7.00000000000,si,-70.73081130000,-33.40786040000,47RFH7R9+VM,,,Olla popular: la Robin y la Norte ayudando al pueblo,,OllasComunes_Chi_Wall,200525.00000000000,0.00000000000,./0.png
-70.7373547,-33.4095388,158.00000000000,olla_comun,acopio_solidario,"Ollas Populares;Olla comun para el pueblo",200525.00000000000,200527.00000000000,,Población Valle de Azapa,Topocalma con Esmeralda,Renca,13128.00000000000,8.00000000000,si,-70.73735470000,-33.40953880000,47RFH7R7+53,,,Necesitamos su colaboracion y apoyo,,RedApoyoComunitario_ZN_RM,200527.00000000000,1112.00000000000,./0.png
-70.7041621,-33.4045666,159.00000000000,olla_comun,,Vecinos y vecinas organizad@s,200523.00000000000,200528.00000000000,Sede Junta de Vecinos Población Maule 2,Población Maule 2,Blanco Encalada 1335,Renca,13128.00000000000,9.00000000000,si,-70.70416210000,-33.40456660000,47RFH7WW+58,,,Sabemos que son tiempos dificiles para todos. La olla comun es nuestra respuesta.El pueblo ayuda al pueblo,,RedApoyoComunitario_ZN_RM,200527.00000000000,1121.00000000000,./0.png
-1.79769313486232e+308,-1.79769313486232e+308,160.00000000000,olla_comun,,Vecinos y vecinas organizad@s,200525.00000000000,200529.00000000000,Sede Club Villa El Salvador,Villa El Salvador,Dos Sur con Loica,Renca,13128.00000000000,10.00000000000,si,-70.69861270000,0.00000000000,47RFH8W2+4H,,,La solidaridad comienza contigo.,,RedApoyoComunitario_ZN_RM,200527.00000000000,1128.00000000000,./0.png
-70.6904006,-33.4147161,161.00000000000,olla_comun,,Vecinos y vecinas organizad@s,0.00000000000,200530.00000000000,Sede Vecinal Población Nueva Victoria,Población Nueva Victoria,Los Geranios con Mercedes Badilla,Renca,13128.00000000000,11.00000000000,si,-70.69040060000,-33.41471610000,47RFH8P5+4R,,,"Solo el pueblo ayuda al pueblo. Porque ante este gobierno inoperante con sus discursos de ""unidad nacional"" sabemos que es otra la realidad que estamos viviendo. Fuerza al pueblo trabajador!",,RedApoyoComunitario_ZN_RM,200527.00000000000,1125.00000000000,./0.png
-70.6362669,-33.5014419,162.00000000000,comedor_comunitario,,Comedor comunitario Madeco-Mademsa,0.00000000000,200521.00000000000,"Sede Junta de Vecinos Población Madeco, Plaza Madeco",Población Madeco,Ureta Cox 440,San Joaquín,13129.00000000000,0.00000000000,si,-70.63626690000,-33.50144190000,47RFF9X7+CF,,,,,Apoya la olla,200525.00000000000,0.00000000000,./0.png
-70.633457,-33.50224,163.00000000000,olla_comun,acopio_solidario,Casa popular Liber-Arte,200517.00000000000,200524.00000000000,Feria La Mussa,Feria La Mussa,San Nicolas con Juan Griego,San Joaquín,13129.00000000000,2.00000000000,si,-70.63345700000,-33.50224000000,F9X8+4J San Joaquín,https://www.facebook.com/Casa-popular-Liber-Arte-103443824683595/,,"Pan, trabajo, justicia y libertad",,Opal Chile,200524.00000000000,0.00000000000,./0.png
-70.6315099,-33.4900163,164.00000000000,olla_comun,,"Club Social y Deportivo Sócrates Oliverira; Rama Femenina CSD Sócrates Oliveira",0.00000000000,200524.00000000000,Plaza Salvador Allende,Población La Legua,Alcalde Pedro Alarcón 359,San Joaquín,13129.00000000000,3.00000000000,si,-70.63150990000,-33.49001630000,47RFG959+X9,,,Solo el pueblo ayuda al pueblo,"200",OllasComunes_Chi_Wall,200525.00000000000,0.00000000000,./0.png
-70.6342643,-33.5005709,165.00000000000,olla_comun,,Casa popular Liber-Arte,0.00000000000,200526.00000000000,Liceo Horacio Aravena,,Ureta Cox 401,San Joaquín,13129.00000000000,4.00000000000,si,-70.63426430000,-33.50057090000,47RFF9X8+Q7,,,"Junto al profesorado del Liceo HAA la Olla Comun: alimentando al pueblo para que se levante. Pan, trabajo, justicia y dignidad",,,0.00000000000,0.00000000000,./0.png
-70.6633106,-33.503401,166.00000000000,acopio_solidario,cajas_solidarias,Cocina Solidaria Barrio Atacama,0.00000000000,200520.00000000000,,Población Atacama,Segunda Avenida 1516,San Miguel,13130.00000000000,0.00000000000,si,-70.66331060000,-33.50340100000,47RFF8WP+JM,,,,,Apoya la olla,200525.00000000000,0.00000000000,./0.png
-70.6420574,-33.49719,167.00000000000,olla_comun,,Comedor Solidario San Miguel.,0.00000000000,200525.00000000000,Sede Club Deportivo Jose Luis Vergara,,Ingeniero Budge 609,San Miguel,13130.00000000000,2.00000000000,si,-70.64205740000,-33.49719000000,47RFG935+45,https://www.facebook.com/comedor.solidario.sm/?tn-str=k*F&hc_location=group_dialog,,Solo el pueblo ayuda al pueblo. Abierto de Lunes a Lunes,,OllasComunes_Chi_Wall,200525.00000000000,0.00000000000,./0.png
-70.6420663,-33.4973543,168.00000000000,olla_comun,acopio_solidario,Vecinos y vecinas organizad@s,200519.00000000000,200528.00000000000,Sede Club deportivo Jose Luis Vergara,"JJVV 51,52 y 53. Sector Plaza Bismark",Montreal 4511,San Miguel,13130.00000000000,3.00000000000,si,-70.64206630000,-33.49735430000,47RFG935+35,@comedor.solidario.sm,,#ElPuebloAyudaAlPueblo. Comedor solidario levantado por vecinas y vecinos solidarios.,"104",Opal Chile,200528.00000000000,1714.00000000000,./0.png
-70.6401288,-33.549341,169.00000000000,olla_comun,,Capucha Gastronómica,0.00000000000,200531.00000000000,Espacio público,Poblacion La Bandera,Independencia 9545,San Ramón,13131.00000000000,0.00000000000,si,-70.64012880000,-33.54934100000,47RFF925+7W,https://www.facebook.com/photo.php?fbid=2541026129332357&set=pcb.2541026149332355&type=3&theater,,Comida con amor para nuestrxs muchachxs,,OllasComunes_Chi_Wall,200528.00000000000,1205.00000000000,./0.png
-70.6436604,-33.5556317,170.00000000000,olla_comun,acopio_solidario,Olla kimün,0.00000000000,0.00000000000,,Población La Bandera,Puelche con Juan Antonio Rios,San Ramón,13131.00000000000,2.00000000000,si,-70.64366040000,-33.55563170000,47RFC9V4+PG,acopio4sector@ gmail.com,,"Sólo el pueblo, ayuda al pueblo",,,200527.00000000000,2210.00000000000,./0.png
-70.604343,-33.589112,171.00000000000,olla_comun,acopio_solidario,Asamblea de Organizaciones Sociales y Políticas de la Provincia Cordillera,200514.00000000000,200521.00000000000,Sede Junta de Vecinos Villa Arco Iris II,Villa Arco Iris II,Amarilla con Lila,Puente Alto,13201.00000000000,0.00000000000,si,-70.60434300000,-33.58911200000,C96W+97 Santiago,https://www.facebook.com/pages/category/Political-Organization/Asamblea-de-Organizaciones-Sociales-y-Pol%C3%ADticas-de-la-Provincia-Cordillera-423670555228280/,,Solo el pueblo ayuda al pueblo,,Apoya la olla,200525.00000000000,0.00000000000,./0.png
-70.620153,-33.624876,172.00000000000,olla_comun,acopio_solidario,Olla Comun Dignidad Bajos de Mena,0.00000000000,200523.00000000000,,Bajos de Mena.Villa Sargento Menadier 2,Los Viñedos 3583,Puente Alto,13201.00000000000,2.00000000000,si,-70.62015300000,-33.62487600000,99GH+2W Puente Alto,,,sinfn informacion,,Opal Chile,200524.00000000000,0.00000000000,./0.png
-70.5690749,-33.5676833,173.00000000000,acopio_solidario,,AT Villa Andes del Sur,200523.00000000000,200523.00000000000,Feria Libre Los Toros,"Villa Andes del Sur; Villa Los Toros",Nuevo Continente con Los Toros (feria libre),Puente Alto,13201.00000000000,3.00000000000,si,-70.56907490000,-33.56768330000,47RFCCJJ+W9,https://www.facebook.com/107106054049704/photos/a.107186294041680/240218690738439/?type=3&theater,,Estaremos en la feria con nuestro stand de acopio solidario de alimentos de la Asamblea Territorial Villa Andes del Sur,,Pagina_Asamblea,200526.00000000000,0.00000000000,./0.png
-70.5627386,-33.5694409,174.00000000000,olla_comun,acopio_solidario,"AT Villa Andes del Sur;JJVV Tobalaba Cordillera;;Centro Cultural Weycatun",200521.00000000000,200526.00000000000,Sede Social,Villa Andes del Sur,Puerto Montt 1850,Puente Alto,13201.00000000000,4.00000000000,si,-70.56273860000,-33.56944090000,47RFCCJP+6W,https://www.facebook.com/107106054049704/photos/rpp.107106054049704/242398167187158/?type=3&theater,,"Martes, jueves y sábados. #SoloElPuebloAyudaAlPueblo #SolidaridadDeClase #OllasComunes",,Pagina_Asamblea,200526.00000000000,0.00000000000,./0.png
-70.5949839,-33.6072958,175.00000000000,olla_comun,acopio_solidario,"Olla Común Macarena Valdés (colectivo popular, asamblea popular 18 de octubre",0.00000000000,200530.00000000000,Sede social Villa Tocornal (San José de Las Claras),Villa Tocornal,Calle uno con Genaro Prieto,Puente Alto,13201.00000000000,5.00000000000,si,-70.59498390000,-33.60729580000,47RF9CV4+32,,,,,OllasComunes_Chi_Wall,200526.00000000000,0.00000000000,./0.png
-70.595816,-33.622105,176.00000000000,acopio_solidario,,Centro Cultural Unidos por un mejor Nocedal,0.00000000000,0.00000000000,Sede Social Población Nocedal 1,Población El Nocedal,Punta de Damas 1651,Puente Alto,13201.00000000000,6.00000000000,si,-70.59581600000,-33.62210500000,9CH3+5M Santiago,,,,,Apoya la olla,200525.00000000000,0.00000000000,./0.png
-70.6632889,-33.1920229,177.00000000000,olla_comun,acopio_solidario,Toma Naciones Unidas,0.00000000000,200524.00000000000,,Campamento Naciones Unidas,Carretera Gral. San Martín con Lo Seco,Colina,13301.00000000000,0.00000000000,si,-70.66328890000,-33.19202290000,47RFR85P+5M,https://www.facebook.com/groups/182826572982711/search/?query=Colina&epa=SEARCH_BOX,,"Apoyo mutuo y Autogestión. ¡Solo los pueblos ayudan a los pueblos! ¡Los pueblos, unidos, jamás serán vencidos!",,OllasComunes_Chi_Wall,200525.00000000000,0.00000000000,./0.png
-70.6737578,-33.2064159,178.00000000000,olla_comun,,Olla Común La Rivera,0.00000000000,200524.00000000000,,La Rivera,1 Sur 223,Colina,13301.00000000000,2.00000000000,si,-70.67375780000,-33.20641590000,47RFQ8VG+CF,https://www.facebook.com/groups/182826572982711/search/?query=Colina&epa=SEARCH_BOX,,"Apoyo mutuo y Autogestión. ¡Solo los pueblos ayudan a los pueblos! ¡Los pueblos, unidos, jamás serán vencidos!",,OllasComunes_Chi_Wall,200525.00000000000,0.00000000000,./0.png
-70.6667596,-33.18363,179.00000000000,olla_comun,,Olla Común Villa Magdalena Petit,0.00000000000,200524.00000000000,,Villa Magdalena Petit,Martín Jiménez y Mendoza 1734,Colina,13301.00000000000,3.00000000000,si,-70.66675960000,-33.18363000000,47RFR88M+G7,https://www.facebook.com/groups/182826572982711/search/?query=Colina&epa=SEARCH_BOX,,"Apoyo mutuo y Autogestión. ¡Solo los pueblos ayudan a los pueblos! ¡Los pueblos, unidos, jamás serán vencidos!",,OllasComunes_Chi_Wall,200525.00000000000,0.00000000000,./0.png
-70.6687895,-33.1941439,180.00000000000,olla_comun,,Olla Común Nueva Esperanza,0.00000000000,200524.00000000000,,Villa Nueva Esperanza,Nemesio Antúnez 1150,Colina,13301.00000000000,4.00000000000,si,-70.66878950000,-33.19414390000,47RFR84J+8F,https://www.facebook.com/groups/182826572982711/search/?query=Colina&epa=SEARCH_BOX,,"Apoyo mutuo y Autogestión. ¡Solo los pueblos ayudan a los pueblos! ¡Los pueblos, unidos, jamás serán vencidos!",,OllasComunes_Chi_Wall,200525.00000000000,0.00000000000,./0.png
-70.6641068,-33.1840584,181.00000000000,olla_comun,,Olla Común Canadienses 1,0.00000000000,200524.00000000000,,Villa Oro Olímpico,Iván Zamorano 1608,Colina,13301.00000000000,5.00000000000,si,-70.66410680000,-33.18405840000,47RFR88P+99,https://www.facebook.com/groups/182826572982711/search/?query=Colina&epa=SEARCH_BOX,,"Apoyo mutuo y Autogestión. ¡Solo los pueblos ayudan a los pueblos! ¡Los pueblos, unidos, jamás serán vencidos!",,OllasComunes_Chi_Wall,200525.00000000000,0.00000000000,./0.png
-70.683183,-33.2081117,182.00000000000,acopio_solidario,,Punto Acopio Villa Pacífico 1,0.00000000000,200524.00000000000,,Villa Pacífico 1,Islita 261,Colina,13301.00000000000,6.00000000000,si,-70.68318300000,-33.20811170000,47RFQ8R8+QP,https://www.facebook.com/groups/182826572982711/search/?query=Colina&epa=SEARCH_BOX,,"Apoyo mutuo y Autogestión. ¡Solo los pueblos ayudan a los pueblos! ¡Los pueblos, unidos, jamás serán vencidos!",,OllasComunes_Chi_Wall,200525.00000000000,0.00000000000,./0.png
-70.65544,-33.1834495,183.00000000000,acopio_solidario,,Punto Acopio Villa San Andrés,0.00000000000,200524.00000000000,,Villa San Andrés,Antonio Hurtado Duarte 2873,Colina,13301.00000000000,7.00000000000,si,-70.65544000000,-33.18344950000,47RFR88V+JR,https://www.facebook.com/groups/182826572982711/search/?query=Colina&epa=SEARCH_BOX,,"Apoyo mutuo y Autogestión. ¡Solo los pueblos ayudan a los pueblos! ¡Los pueblos, unidos, jamás serán vencidos!",,OllasComunes_Chi_Wall,200525.00000000000,0.00000000000,./0.png
-70.6755961,-33.1840394,184.00000000000,olla_comun,,Olla Común Villa San Antonio,0.00000000000,200524.00000000000,,Villa San Antonio,Pasaje La Tirana 2539,Colina,13301.00000000000,8.00000000000,si,-70.67559610000,-33.18403940000,47RFR88F+9Q,https://www.facebook.com/groups/182826572982711/search/?query=Colina&epa=SEARCH_BOX,,"Apoyo mutuo y Autogestión. ¡Solo los pueblos ayudan a los pueblos! ¡Los pueblos, unidos, jamás serán vencidos!",,OllasComunes_Chi_Wall,200525.00000000000,0.00000000000,./0.png
-70.6716678,-33.1841923,185.00000000000,olla_comun,,Olla Común Villa Santa María De Esmeralda,0.00000000000,200524.00000000000,,Villa Santa María De Esmeralda,Esther Hunneus de Claro 1836,Colina,13301.00000000000,9.00000000000,si,-70.67166780000,-33.18419230000,47RFR88H+88,https://www.facebook.com/groups/182826572982711/search/?query=Colina&epa=SEARCH_BOX,,"Apoyo mutuo y Autogestión. ¡Solo los pueblos ayudan a los pueblos! ¡Los pueblos, unidos, jamás serán vencidos!",,OllasComunes_Chi_Wall,200525.00000000000,0.00000000000,./0.png
-70.6719472,-33.1818476,186.00000000000,olla_comun,,Olla Común Valle Verde,0.00000000000,200524.00000000000,,Villa Valle Verde,Fernando Santivan 2090,Colina,13301.00000000000,10.00000000000,si,-70.67194720000,-33.18184760000,47RFR89H+76,https://www.facebook.com/groups/182826572982711/search/?query=Colina&epa=SEARCH_BOX,,"Apoyo mutuo y Autogestión. ¡Solo los pueblos ayudan a los pueblos! ¡Los pueblos, unidos, jamás serán vencidos!",,OllasComunes_Chi_Wall,200525.00000000000,0.00000000000,./0.png
-70.6641943,-33.1843298,187.00000000000,olla_comun,,Ollita Común Canadienses 2,0.00000000000,200524.00000000000,,,Óscar Cristi 1616,Colina,13301.00000000000,11.00000000000,si,-70.66419430000,-33.18432980000,47RFR88P+78,https://www.facebook.com/groups/182826572982711/search/?query=Colina&epa=SEARCH_BOX,,"Apoyo mutuo y Autogestión. ¡Solo los pueblos ayudan a los pueblos! ¡Los pueblos, unidos, jamás serán vencidos!",,OllasComunes_Chi_Wall,200525.00000000000,0.00000000000,./0.png
-70.6709161,-33.2067921,188.00000000000,olla_comun,,Olla Común Van Der Rest,0.00000000000,200524.00000000000,,,Costa azul 200,Colina,13301.00000000000,12.00000000000,si,-70.67091610000,-33.20679210000,47RFQ8VH+7J,https://www.facebook.com/groups/182826572982711/search/?query=Colina&epa=SEARCH_BOX,,"Apoyo mutuo y Autogestión. ¡Solo los pueblos ayudan a los pueblos! ¡Los pueblos, unidos, jamás serán vencidos!",,OllasComunes_Chi_Wall,200525.00000000000,0.00000000000,./0.png
-70.671915,-33.589706,189.00000000000,olla_comun,acopio_solidario,Campamento Santa Teresa,2012.00000000000,200524.00000000000,Sede Campamento,Población Santa Teresa,Santa Teresa 1490,San Bernardo,13401.00000000000,0.00000000000,si,-70.67191500000,-33.58970600000,47RFC86H+46,,,Campamento fundado en 2012.Solo el pueblo ayuda al pueblo,,OllasComunes_Chi_Wall,200525.00000000000,0.00000000000,./0.png
-70.6767138,-33.5998944,190.00000000000,olla_comun,,,0.00000000000,200526.00000000000,,Villa Cordillera 2,Condell 1344,San Bernardo,13401.00000000000,2.00000000000,si,-70.67671380000,-33.59989440000,47RFC82F+28,https://www.facebook.com/photo.php?fbid=10158451319869485&set=gm.184330216165680&type=3&theater,,El pueblo ayuda al pueblo,,OllasComunes_Chi_Wall,200526.00000000000,0.00000000000,./0.png
-70.8640889,-33.7440054,191.00000000000,olla_comun,,Organizaciones populares de Isla de Maipo,0.00000000000,200523.00000000000,Restaurant Sabroson Islita,La Islita,Balmaceda 3563,Isla de Maipo,13603.00000000000,0.00000000000,si,-70.86408890000,-33.74400540000,47RF744P+99,https://www.facebook.com/pg/Sabros%C3%B3n-Islita-112885826085147/posts/,,Sabado y Domingo.Ante la pandemia la respuesta es solidaria. El pueblo ayuda al pueblo,,OllasComunes_Chi_Wall,200525.00000000000,0.00000000000,./0.png
-70.8667616,-33.7487786,192.00000000000,acopio_solidario,,Organizaciones populares de Isla de Maipo,0.00000000000,200523.00000000000,,Sector Cancha Carreras,Elías Contreras 2180,Isla de Maipo,13603.00000000000,2.00000000000,si,-70.86676160000,-33.74877860000,47RF743J+5M,,,Ante la pandemia la respuesta es solidaria. El pueblo ayuda al pueblo,,OllasComunes_Chi_Wall,200525.00000000000,0.00000000000,./0.png
-70.9002838,-33.7547913,193.00000000000,acopio_solidario,,Organizaciones populares de Isla de Maipo,0.00000000000,200523.00000000000,Parroquia Nuestra Señora de La Merced,Sector Cancha Carreras,Santelices 432,Isla de Maipo,13603.00000000000,3.00000000000,si,-70.90028380000,-33.75479130000,47RF63WX+3V,,,Ante la pandemia la respuesta es solidaria. El pueblo ayuda al pueblo,,OllasComunes_Chi_Wall,200525.00000000000,0.00000000000,./0.png
-70.8644825,-33.749372,194.00000000000,acopio_solidario,,Organizaciones populares de Isla de Maipo,0.00000000000,200523.00000000000,,Sector El Gomero,Las tórtolas 207,Isla de Maipo,13603.00000000000,4.00000000000,si,-70.86448250000,-33.74937200000,47RF742P+76,,,Ante la pandemia la respuesta es solidaria. El pueblo ayuda al pueblo,,OllasComunes_Chi_Wall,200525.00000000000,0.00000000000,./0.png
-70.8612444,-33.735324,195.00000000000,acopio_solidario,,Organizaciones populares de Isla de Maipo,0.00000000000,200523.00000000000,,Sector El Maiten,El tamarugo 4490,Isla de Maipo,13603.00000000000,5.00000000000,si,-70.86124440000,-33.73532400000,47RF747Q+VG,,,Ante la pandemia la respuesta es solidaria. El pueblo ayuda al pueblo,,OllasComunes_Chi_Wall,200525.00000000000,0.00000000000,./0.png
-70.8609012,-33.7286401,196.00000000000,acopio_solidario,,Organizaciones populares de Isla de Maipo,0.00000000000,200523.00000000000,,Sector Lonquén,El recreo 796,Isla de Maipo,13603.00000000000,6.00000000000,si,-70.86090120000,-33.72864010000,47RF74CQ+GJ,,,Ante la pandemia la respuesta es solidaria. El pueblo ayuda al pueblo,,OllasComunes_Chi_Wall,200525.00000000000,0.00000000000,./0.png
-70.8896993,-33.7538178,197.00000000000,acopio_solidario,olla_comun,Organizaciones populares de Isla de Maipo,0.00000000000,200523.00000000000,,Sector Villa Nevada,Farellones 277,Isla de Maipo,13603.00000000000,7.00000000000,si,-70.88969930000,-33.75381780000,47RF64W6+F4,,,Lunes y miercoles. Ante la pandemia la respuesta es solidaria. El pueblo ayuda al pueblo,,OllasComunes_Chi_Wall,200525.00000000000,0.00000000000,./0.png
-70.8665358,-33.7476209,199.00000000000,olla_comun,,Organizaciones populares de Isla de Maipo,0.00000000000,200523.00000000000,Iglesia Católica Nuestra Señora del Carmen,,Balmaceda 3144,Isla de Maipo,13603.00000000000,9.00000000000,si,-70.86653580000,-33.74762090000,47RF742M+X9,,,"Lunes, miercoles y viernes.Ante la pandemia la respuesta es solidaria. El pueblo ayuda al pueblo",,OllasComunes_Chi_Wall,200525.00000000000,0.00000000000,./0.png
-70.9042704,-33.777644,200.00000000000,acopio_solidario,,Corporacion Memoria Lonquén,0.00000000000,200524.00000000000,Sede Corporacion Memoria Lonquén,La Villita,Galvez 2121,Isla de Maipo,13603.00000000000,10.00000000000,si,-70.90427040000,-33.77764400000,47RF63CW+W7,https://www.facebook.com/photo.php?fbid=10216355985639336&set=gm.183304256268276&type=3&theater&ifg=1,,,,OllasComunes_Chi_Wall,200525.00000000000,0.00000000000,./0.png
-70.812667,-33.584038,201.00000000000,olla_comun,,Colectivo Octubre Combativo,200524.00000000000,200525.00000000000,Plaza Villa Chiloé,Villa Chiloé,"Plaza Villa Chiloé, costado CESFAM Juan Pablo II",Padre Hurtado,13604.00000000000,0.00000000000,si,-70.81266700000,-33.58403800000,47RFC58P+9W,@octubre.combativo.3,,"En Padre Hurtado, el pueblo ayuda al pueblo",,OllasComunes_Chi_Wall,200525.00000000000,0.00000000000,./0.png
